,name,normal_acc,normal_acc_attack,soup_acc,soup_acc_attack
0,NN_tune_trainable_c0371_00859_859_seed=860_2021-07-03_11-07-51,0.908,0.8709,0.9072,0.8683
1,NN_tune_trainable_c0371_00373_373_seed=374_2021-07-02_10-51-12,0.904,0.8743,0.9061,0.8738
2,NN_tune_trainable_c0371_00214_214_seed=215_2021-07-02_03-01-30,0.914,0.5613,0.9157,0.5704
3,NN_tune_trainable_c0371_00034_34_seed=35_2021-07-01_18-29-21,0.92,0.4205,0.9235,0.422
4,NN_tune_trainable_c0371_00834_834_seed=835_2021-07-03_09-52-47,0.901,0.8913,0.9001,0.886
5,NN_tune_trainable_c0371_00315_315_seed=316_2021-07-02_08-00-43,0.893,0.7454,0.8923,0.7607
6,NN_tune_trainable_c0371_00700_700_seed=701_2021-07-03_03-10-02,0.899,0.8816,0.8964,0.8819
7,NN_tune_trainable_c0371_00812_812_seed=813_2021-07-03_08-44-54,0.929,0.2537,0.929,0.2712
8,NN_tune_trainable_c0371_00809_809_seed=810_2021-07-03_08-39-57,0.907,0.7723,0.9049,0.7764
9,NN_tune_trainable_c0371_00252_252_seed=253_2021-07-02_04-54-24,0.916,0.7556,0.9169,0.7563
10,NN_tune_trainable_c0371_00283_283_seed=284_2021-07-02_06-26-32,0.9,0.8834,0.9,0.8844
11,NN_tune_trainable_c0371_00335_335_seed=336_2021-07-02_08-51-33,0.914,0.8092,0.9136,0.8217
12,NN_tune_trainable_c0371_00442_442_seed=443_2021-07-02_14-26-37,0.904,0.6584,0.9061,0.7167
13,NN_tune_trainable_c0371_00211_211_seed=212_2021-07-02_02-59-03,0.898,0.8347,0.8974,0.8477
14,NN_tune_trainable_c0371_00592_592_seed=593_2021-07-02_21-56-11,0.903,0.8599,0.9031,0.8655
15,NN_tune_trainable_c0371_00521_521_seed=522_2021-07-02_18-25-35,0.9,0.7056,0.8985,0.7183
16,NN_tune_trainable_c0371_00304_304_seed=305_2021-07-02_07-33-01,0.897,0.8879,0.8963,0.8886
17,NN_tune_trainable_c0371_00984_984_seed=985_2021-07-03_17-24-58,0.884,0.8732,0.8855,0.8749
18,NN_tune_trainable_c0371_00590_590_seed=591_2021-07-02_21-44-29,0.922,0.2038,0.9234,0.2104
19,NN_tune_trainable_c0371_00323_323_seed=324_2021-07-02_08-24-44,0.91,0.4416,0.9083,0.4438
20,NN_tune_trainable_c0371_00320_320_seed=321_2021-07-02_08-21-02,0.89,0.8822,0.8895,0.8778
21,NN_tune_trainable_c0371_00598_598_seed=599_2021-07-02_22-07-41,0.906,0.8519,0.9053,0.8585
22,NN_tune_trainable_c0371_00212_212_seed=213_2021-07-02_02-59-42,0.913,0.6627,0.9128,0.6898
23,NN_tune_trainable_c0371_00166_166_seed=167_2021-07-02_00-42-39,0.91,0.8447,0.9098,0.8442
24,NN_tune_trainable_c0371_00968_968_seed=969_2021-07-03_16-37-26,0.916,0.511,0.9157,0.5271
25,NN_tune_trainable_c0371_00019_19_seed=20_2021-07-01_17-43-44,0.905,0.744,0.9049,0.7572
26,NN_tune_trainable_c0371_00584_584_seed=585_2021-07-02_21-31-53,0.914,0.8118,0.9143,0.8247
27,NN_tune_trainable_c0371_00918_918_seed=919_2021-07-03_13-57-17,0.915,0.8709,0.9138,0.8732
28,NN_tune_trainable_c0371_00289_289_seed=290_2021-07-02_06-48-08,0.898,0.6527,0.8974,0.6465
29,NN_tune_trainable_c0371_00656_656_seed=657_2021-07-03_01-05-49,0.893,0.6425,0.8936,0.669
30,NN_tune_trainable_c0371_00267_267_seed=268_2021-07-02_05-40-02,0.894,0.8825,0.893,0.8784
31,NN_tune_trainable_c0371_00093_93_seed=94_2021-07-01_21-10-01,0.891,0.8472,0.8914,0.8313
32,NN_tune_trainable_c0371_00275_275_seed=276_2021-07-02_06-03-31,0.898,0.8957,0.8981,0.8923
33,NN_tune_trainable_c0371_00652_652_seed=653_2021-07-03_00-47-57,0.899,0.8742,0.9,0.8725
34,NN_tune_trainable_c0371_00087_87_seed=88_2021-07-01_20-47-54,0.899,0.8937,0.8995,0.8927
35,NN_tune_trainable_c0371_00319_319_seed=320_2021-07-02_08-03-24,0.919,0.1931,0.9197,0.2109
36,NN_tune_trainable_c0371_00466_466_seed=467_2021-07-02_15-36-30,0.921,0.2925,0.9216,0.2996
37,NN_tune_trainable_c0371_00194_194_seed=195_2021-07-02_02-11-36,0.908,0.8413,0.9084,0.8553
38,NN_tune_trainable_c0371_00378_378_seed=379_2021-07-02_11-14-56,0.905,0.8713,0.9045,0.8717
39,NN_tune_trainable_c0371_00443_443_seed=444_2021-07-02_14-26-43,0.891,0.8635,0.8916,0.8619
40,NN_tune_trainable_c0371_00913_913_seed=914_2021-07-03_13-49-06,0.923,0.7173,0.9232,0.7202
41,NN_tune_trainable_c0371_00135_135_seed=136_2021-07-01_23-09-41,0.91,0.898,0.9108,0.8955
42,NN_tune_trainable_c0371_00282_282_seed=283_2021-07-02_06-26-31,0.903,0.7621,0.9028,0.758
43,NN_tune_trainable_c0371_00230_230_seed=231_2021-07-02_03-47-13,0.918,0.801,0.9181,0.7903
44,NN_tune_trainable_c0371_00908_908_seed=909_2021-07-03_13-31-30,0.909,0.3341,0.912,0.3659
45,NN_tune_trainable_c0371_00451_451_seed=452_2021-07-02_14-51-17,0.901,0.8874,0.9002,0.8875
46,NN_tune_trainable_c0371_00433_433_seed=434_2021-07-02_14-01-16,0.904,0.8678,0.906,0.8631
47,NN_tune_trainable_c0371_00677_677_seed=678_2021-07-03_01-59-53,0.908,0.5641,0.9065,0.5886
48,NN_tune_trainable_c0371_00225_225_seed=226_2021-07-02_03-43-14,0.91,0.8859,0.9096,0.8859
49,NN_tune_trainable_c0371_00402_402_seed=403_2021-07-02_12-26-57,0.914,0.8916,0.9143,0.8866
50,NN_tune_trainable_c0371_00368_368_seed=369_2021-07-02_10-45-21,0.918,0.9048,0.9176,0.9091
51,NN_tune_trainable_c0371_00964_964_seed=965_2021-07-03_16-20-05,0.904,0.8992,0.9051,0.8971
52,NN_tune_trainable_c0371_00791_791_seed=792_2021-07-03_07-45-47,0.908,0.5172,0.9082,0.528
53,NN_tune_trainable_c0371_00754_754_seed=755_2021-07-03_05-56-58,0.884,0.8608,0.8841,0.8628
54,NN_tune_trainable_c0371_00546_546_seed=547_2021-07-02_19-37-23,0.912,0.345,0.9128,0.3528
55,NN_tune_trainable_c0371_00469_469_seed=470_2021-07-02_15-39-53,0.908,0.8727,0.9073,0.8609
56,NN_tune_trainable_c0371_00781_781_seed=782_2021-07-03_07-12-27,0.922,0.2873,0.9212,0.2927
57,NN_tune_trainable_c0371_00395_395_seed=396_2021-07-02_12-04-26,0.925,0.8683,0.925,0.8726
58,NN_tune_trainable_c0371_00092_92_seed=93_2021-07-01_21-09-44,0.909,0.8048,0.9071,0.8
59,NN_tune_trainable_c0371_00164_164_seed=165_2021-07-02_00-41-30,0.912,0.894,0.9096,0.8929
60,NN_tune_trainable_c0371_00944_944_seed=945_2021-07-03_15-24-03,0.916,0.6102,0.9166,0.6093
61,NN_tune_trainable_c0371_00062_62_seed=63_2021-07-01_19-38-45,0.9,0.8756,0.8994,0.8779
62,NN_tune_trainable_c0371_00203_203_seed=204_2021-07-02_02-35-48,0.908,0.4527,0.9107,0.4787
63,NN_tune_trainable_c0371_00745_745_seed=746_2021-07-03_05-28-55,0.917,0.5656,0.9162,0.558
64,NN_tune_trainable_c0371_00684_684_seed=685_2021-07-03_02-22-50,0.91,0.4276,0.9108,0.4347
65,NN_tune_trainable_c0371_00146_146_seed=147_2021-07-01_23-51-47,0.9,0.8216,0.9044,0.8105
66,NN_tune_trainable_c0371_00121_121_seed=122_2021-07-01_22-40-38,0.914,0.5719,0.9146,0.5751
67,NN_tune_trainable_c0371_00179_179_seed=180_2021-07-02_01-25-36,0.91,0.8958,0.9099,0.8978
68,NN_tune_trainable_c0371_00489_489_seed=490_2021-07-02_16-48-03,0.919,0.8986,0.9207,0.899
69,NN_tune_trainable_c0371_00384_384_seed=385_2021-07-02_11-35-07,0.899,0.5571,0.8988,0.5757
70,NN_tune_trainable_c0371_00516_516_seed=517_2021-07-02_18-02-36,0.895,0.6366,0.8958,0.6313
71,NN_tune_trainable_c0371_00691_691_seed=692_2021-07-03_02-45-53,0.903,0.8803,0.9032,0.8821
72,NN_tune_trainable_c0371_00419_419_seed=420_2021-07-02_13-15-38,0.894,0.8567,0.8943,0.8526
73,NN_tune_trainable_c0371_00065_65_seed=66_2021-07-01_19-58-53,0.899,0.887,0.8991,0.8864
74,NN_tune_trainable_c0371_00823_823_seed=824_2021-07-03_09-22-15,0.92,0.8755,0.9193,0.8669
75,NN_tune_trainable_c0371_00756_756_seed=757_2021-07-03_05-57-32,0.914,0.2827,0.9134,0.2947
76,NN_tune_trainable_c0371_00429_429_seed=430_2021-07-02_13-39-57,0.926,0.8145,0.9276,0.824
77,NN_tune_trainable_c0371_00535_535_seed=536_2021-07-02_18-57-31,0.913,0.8839,0.9123,0.8854
78,NN_tune_trainable_c0371_00006_6_seed=7_2021-07-01_16-59-54,0.893,0.8803,0.8888,0.8785
79,NN_tune_trainable_c0371_00606_606_seed=607_2021-07-02_22-31-48,0.913,0.8699,0.913,0.8581
80,NN_tune_trainable_c0371_00513_513_seed=514_2021-07-02_18-01-05,0.905,0.6591,0.9039,0.7201
81,NN_tune_trainable_c0371_00666_666_seed=667_2021-07-03_01-34-04,0.888,0.8683,0.8888,0.8654
82,NN_tune_trainable_c0371_00398_398_seed=399_2021-07-02_12-07-23,0.899,0.8779,0.8982,0.875
83,NN_tune_trainable_c0371_00654_654_seed=655_2021-07-03_00-54-36,0.909,0.8776,0.9067,0.8766
84,NN_tune_trainable_c0371_00159_159_seed=160_2021-07-02_00-19-05,0.916,0.5604,0.9169,0.5607
85,NN_tune_trainable_c0371_00355_355_seed=356_2021-07-02_10-01-04,0.903,0.4148,0.9028,0.4352
86,NN_tune_trainable_c0371_00831_831_seed=832_2021-07-03_09-46-38,0.915,0.8907,0.9146,0.8906
87,NN_tune_trainable_c0371_00339_339_seed=340_2021-07-02_09-12-27,0.914,0.7828,0.9128,0.8029
88,NN_tune_trainable_c0371_00864_864_seed=865_2021-07-03_11-27-08,0.897,0.89,0.898,0.883
89,NN_tune_trainable_c0371_00972_972_seed=973_2021-07-03_16-43-27,0.91,0.7944,0.9118,0.8312
90,NN_tune_trainable_c0371_00041_41_seed=42_2021-07-01_18-51-01,0.908,0.7944,0.9072,0.8118
91,NN_tune_trainable_c0371_00126_126_seed=127_2021-07-01_22-44-16,0.924,0.8116,0.9244,0.8344
92,NN_tune_trainable_c0371_00794_794_seed=795_2021-07-03_07-55-36,0.918,0.9019,0.9193,0.8976
93,NN_tune_trainable_c0371_00190_190_seed=191_2021-07-02_01-52-56,0.908,0.4279,0.9062,0.4618
94,NN_tune_trainable_c0371_00650_650_seed=651_2021-07-03_00-46-37,0.927,0.4082,0.9255,0.4084
95,NN_tune_trainable_c0371_00997_997_seed=998_2021-07-03_17-55-25,0.913,0.6992,0.9121,0.7193
96,NN_tune_trainable_c0371_00624_624_seed=625_2021-07-02_23-32-05,0.912,0.5471,0.913,0.563
97,NN_tune_trainable_c0371_00014_14_seed=15_2021-07-01_17-22-22,0.895,0.784,0.8947,0.7795
98,NN_tune_trainable_c0371_00576_576_seed=577_2021-07-02_21-08-40,0.893,0.877,0.8932,0.8771
99,NN_tune_trainable_c0371_00718_718_seed=719_2021-07-03_04-03-40,0.911,0.8933,0.9109,0.8926
100,NN_tune_trainable_c0371_00882_882_seed=883_2021-07-03_12-15-32,0.922,0.3593,0.9243,0.377
101,NN_tune_trainable_c0371_00453_453_seed=454_2021-07-02_14-52-25,0.915,0.5692,0.92,0.5607
102,NN_tune_trainable_c0371_00669_669_seed=670_2021-07-03_01-36-16,0.904,0.7544,0.9049,0.7223
103,NN_tune_trainable_c0371_00837_837_seed=838_2021-07-03_10-00-15,0.886,0.8636,0.8866,0.8646
104,NN_tune_trainable_c0371_00808_808_seed=809_2021-07-03_08-39-18,0.921,0.7323,0.9211,0.7483
105,NN_tune_trainable_c0371_00949_949_seed=950_2021-07-03_15-32-44,0.924,0.5186,0.924,0.5385
106,NN_tune_trainable_c0371_00687_687_seed=688_2021-07-03_02-31-52,0.917,0.3563,0.9168,0.368
107,NN_tune_trainable_c0371_00144_144_seed=145_2021-07-01_23-50-43,0.919,0.7628,0.9195,0.7524
108,NN_tune_trainable_c0371_00008_8_seed=9_2021-07-01_16-59-55,0.902,0.8823,0.9035,0.8855
109,NN_tune_trainable_c0371_00314_314_seed=315_2021-07-02_08-00-43,0.914,0.6925,0.9144,0.7258
110,NN_tune_trainable_c0371_00241_241_seed=242_2021-07-02_04-28-12,0.9,0.8173,0.8994,0.8063
111,NN_tune_trainable_c0371_00904_904_seed=905_2021-07-03_13-23-52,0.895,0.8713,0.8961,0.8705
112,NN_tune_trainable_c0371_00216_216_seed=217_2021-07-02_03-18-51,0.925,0.4321,0.9257,0.4573
113,NN_tune_trainable_c0371_00333_333_seed=334_2021-07-02_08-50-10,0.921,0.357,0.9202,0.3813
114,NN_tune_trainable_c0371_00591_591_seed=592_2021-07-02_21-45-08,0.901,0.7209,0.9028,0.7375
115,NN_tune_trainable_c0371_00113_113_seed=114_2021-07-01_22-17-05,0.915,0.8936,0.9142,0.8963
116,NN_tune_trainable_c0371_00563_563_seed=564_2021-07-02_20-24-16,0.905,0.8052,0.9027,0.8009
117,NN_tune_trainable_c0371_00708_708_seed=709_2021-07-03_03-34-21,0.912,0.4994,0.9097,0.5074
118,NN_tune_trainable_c0371_00191_191_seed=192_2021-07-02_01-53-13,0.901,0.6925,0.8993,0.6942
119,NN_tune_trainable_c0371_00824_824_seed=825_2021-07-03_09-27-32,0.906,0.7818,0.9055,0.7865
120,NN_tune_trainable_c0371_00483_483_seed=484_2021-07-02_16-24-39,0.929,0.5049,0.9301,0.4971
121,NN_tune_trainable_c0371_00911_911_seed=912_2021-07-03_13-42-10,0.916,0.6218,0.9154,0.6321
122,NN_tune_trainable_c0371_00336_336_seed=337_2021-07-02_09-09-15,0.917,0.5463,0.9178,0.5583
123,NN_tune_trainable_c0371_00033_33_seed=34_2021-07-01_18-29-02,0.906,0.8592,0.9047,0.8597
124,NN_tune_trainable_c0371_00354_354_seed=355_2021-07-02_10-00-46,0.914,0.6444,0.9153,0.6464
125,NN_tune_trainable_c0371_00720_720_seed=721_2021-07-03_04-14-59,0.924,0.7924,0.9236,0.7988
126,NN_tune_trainable_c0371_00887_887_seed=888_2021-07-03_12-31-40,0.914,0.487,0.915,0.5038
127,NN_tune_trainable_c0371_00717_717_seed=718_2021-07-03_03-58-45,0.912,0.7249,0.9121,0.7443
128,NN_tune_trainable_c0371_00710_710_seed=711_2021-07-03_03-39-21,0.916,0.737,0.9153,0.746
129,NN_tune_trainable_c0371_00681_681_seed=682_2021-07-03_02-18-55,0.919,0.7503,0.9186,0.7666
130,NN_tune_trainable_c0371_00239_239_seed=240_2021-07-02_04-10-14,0.916,0.6351,0.9151,0.6424
131,NN_tune_trainable_c0371_00520_520_seed=521_2021-07-02_18-24-13,0.917,0.4217,0.9165,0.4558
132,NN_tune_trainable_c0371_00187_187_seed=188_2021-07-02_01-49-17,0.886,0.8532,0.8875,0.8471
133,NN_tune_trainable_c0371_00028_28_seed=29_2021-07-01_18-06-15,0.909,0.8804,0.9093,0.8734
134,NN_tune_trainable_c0371_00068_68_seed=69_2021-07-01_20-00-37,0.915,0.7923,0.9148,0.7914
135,NN_tune_trainable_c0371_00643_643_seed=644_2021-07-03_00-23-52,0.914,0.6141,0.9157,0.6147
136,NN_tune_trainable_c0371_00925_925_seed=926_2021-07-03_14-20-19,0.909,0.4633,0.9104,0.4664
137,NN_tune_trainable_c0371_00037_37_seed=38_2021-07-01_18-30-01,0.916,0.8275,0.9156,0.8135
138,NN_tune_trainable_c0371_00578_578_seed=579_2021-07-02_21-11-59,0.923,0.8793,0.9242,0.8777
139,NN_tune_trainable_c0371_00649_649_seed=650_2021-07-03_00-43-48,0.909,0.8454,0.9078,0.8486
140,NN_tune_trainable_c0371_00991_991_seed=992_2021-07-03_17-35-31,0.896,0.8631,0.8944,0.8599
141,NN_tune_trainable_c0371_00583_583_seed=584_2021-07-02_21-21-55,0.91,0.6677,0.9116,0.6781
142,NN_tune_trainable_c0371_00003_3_seed=4_2021-07-01_16-59-54,0.885,0.8675,0.8819,0.8652
143,NN_tune_trainable_c0371_00977_977_seed=978_2021-07-03_17-01-52,0.901,0.8881,0.9006,0.8899
144,NN_tune_trainable_c0371_00096_96_seed=97_2021-07-01_21-29-52,0.919,0.8828,0.9196,0.8874
145,NN_tune_trainable_c0371_00162_162_seed=163_2021-07-02_00-38-15,0.928,0.7081,0.9294,0.7137
146,NN_tune_trainable_c0371_00909_909_seed=910_2021-07-03_13-31-37,0.92,0.4904,0.9189,0.511
147,NN_tune_trainable_c0371_00527_527_seed=528_2021-07-02_18-33-31,0.904,0.6408,0.9067,0.6437
148,NN_tune_trainable_c0371_00580_580_seed=581_2021-07-02_21-12-33,0.926,0.4219,0.9288,0.4491
149,NN_tune_trainable_c0371_00952_952_seed=953_2021-07-03_15-47-51,0.905,0.8783,0.9029,0.8803
150,NN_tune_trainable_c0371_00292_292_seed=293_2021-07-02_06-50-12,0.912,0.8059,0.9154,0.8174
151,NN_tune_trainable_c0371_00976_976_seed=977_2021-07-03_17-01-43,0.91,0.8197,0.9097,0.8239
152,NN_tune_trainable_c0371_00022_22_seed=23_2021-07-01_17-44-27,0.916,0.5731,0.9165,0.6002
153,NN_tune_trainable_c0371_00544_544_seed=545_2021-07-02_19-34-49,0.911,0.8742,0.9094,0.8698
154,NN_tune_trainable_c0371_00613_613_seed=614_2021-07-02_22-49-47,0.922,0.6245,0.921,0.6368
155,NN_tune_trainable_c0371_00261_261_seed=262_2021-07-02_05-17-41,0.912,0.8516,0.9102,0.8531
156,NN_tune_trainable_c0371_00054_54_seed=55_2021-07-01_19-15-47,0.924,0.4746,0.9241,0.497
157,NN_tune_trainable_c0371_00044_44_seed=45_2021-07-01_18-52-13,0.895,0.4265,0.893,0.4293
158,NN_tune_trainable_c0371_00277_277_seed=278_2021-07-02_06-04-12,0.916,0.8437,0.9159,0.8422
159,NN_tune_trainable_c0371_00804_804_seed=805_2021-07-03_08-20-59,0.91,0.8849,0.9126,0.8818
160,NN_tune_trainable_c0371_00735_735_seed=736_2021-07-03_04-56-31,0.901,0.7196,0.9004,0.7149
161,NN_tune_trainable_c0371_00309_309_seed=310_2021-07-02_07-38-20,0.899,0.8665,0.897,0.862
162,NN_tune_trainable_c0371_00815_815_seed=816_2021-07-03_08-58-18,0.915,0.7486,0.9134,0.7557
163,NN_tune_trainable_c0371_00956_956_seed=957_2021-07-03_15-55-50,0.911,0.5832,0.9111,0.567
164,NN_tune_trainable_c0371_00873_873_seed=874_2021-07-03_11-51-02,0.914,0.7775,0.9128,0.7837
165,NN_tune_trainable_c0371_00129_129_seed=130_2021-07-01_23-04-01,0.903,0.5543,0.9029,0.5702
166,NN_tune_trainable_c0371_00262_262_seed=263_2021-07-02_05-18-39,0.924,0.5046,0.924,0.512
167,NN_tune_trainable_c0371_00507_507_seed=508_2021-07-02_17-37-40,0.904,0.8555,0.9049,0.8538
168,NN_tune_trainable_c0371_00960_960_seed=961_2021-07-03_16-12-11,0.91,0.7136,0.909,0.7323
169,NN_tune_trainable_c0371_00201_201_seed=202_2021-07-02_02-33-52,0.928,0.2774,0.9273,0.2867
170,NN_tune_trainable_c0371_00017_17_seed=18_2021-07-01_17-41-48,0.907,0.6708,0.907,0.6932
171,NN_tune_trainable_c0371_00414_414_seed=415_2021-07-02_12-54-06,0.917,0.8964,0.9189,0.8963
172,NN_tune_trainable_c0371_00639_639_seed=640_2021-07-03_00-09-49,0.903,0.3103,0.9004,0.3146
173,NN_tune_trainable_c0371_00819_819_seed=820_2021-07-03_09-07-47,0.921,0.8699,0.9216,0.8732
174,NN_tune_trainable_c0371_00031_31_seed=32_2021-07-01_18-07-27,0.925,0.2416,0.925,0.2544
175,NN_tune_trainable_c0371_00715_715_seed=716_2021-07-03_03-57-26,0.92,0.617,0.9212,0.6113
176,NN_tune_trainable_c0371_00156_156_seed=157_2021-07-02_00-17-55,0.906,0.3511,0.9044,0.3613
177,NN_tune_trainable_c0371_00673_673_seed=674_2021-07-03_01-55-21,0.909,0.2303,0.9103,0.2333
178,NN_tune_trainable_c0371_00254_254_seed=255_2021-07-02_04-55-28,0.895,0.8847,0.8981,0.8797
179,NN_tune_trainable_c0371_00445_445_seed=446_2021-07-02_14-28-23,0.899,0.8466,0.9003,0.8482
180,NN_tune_trainable_c0371_00413_413_seed=414_2021-07-02_12-53-14,0.893,0.8757,0.8917,0.8734
181,NN_tune_trainable_c0371_00865_865_seed=866_2021-07-03_11-27-24,0.91,0.8506,0.9127,0.8451
182,NN_tune_trainable_c0371_00982_982_seed=983_2021-07-03_17-11-04,0.913,0.6341,0.9104,0.6533
183,NN_tune_trainable_c0371_00903_903_seed=904_2021-07-03_13-18-06,0.906,0.8745,0.9077,0.8722
184,NN_tune_trainable_c0371_00002_2_seed=3_2021-07-01_16-59-54,0.906,0.8611,0.906,0.8602
185,NN_tune_trainable_c0371_00224_224_seed=225_2021-07-02_03-42-13,0.909,0.8585,0.9074,0.8721
186,NN_tune_trainable_c0371_00706_706_seed=707_2021-07-03_03-33-11,0.901,0.6463,0.9019,0.6649
187,NN_tune_trainable_c0371_00265_265_seed=266_2021-07-02_05-38-33,0.922,0.7798,0.922,0.7926
188,NN_tune_trainable_c0371_00519_519_seed=520_2021-07-02_18-09-27,0.901,0.6946,0.9005,0.7158
189,NN_tune_trainable_c0371_00375_375_seed=376_2021-07-02_10-53-03,0.89,0.8774,0.8876,0.8772
190,NN_tune_trainable_c0371_00021_21_seed=22_2021-07-01_17-43-45,0.926,0.694,0.928,0.6904
191,NN_tune_trainable_c0371_00470_470_seed=471_2021-07-02_15-42-06,0.904,0.6021,0.9034,0.6164
192,NN_tune_trainable_c0371_00833_833_seed=834_2021-07-03_09-51-56,0.91,0.5872,0.9114,0.5923
193,NN_tune_trainable_c0371_00632_632_seed=633_2021-07-02_23-55-53,0.895,0.8328,0.8949,0.8437
194,NN_tune_trainable_c0371_00291_291_seed=292_2021-07-02_06-49-58,0.908,0.7723,0.9061,0.7856
195,NN_tune_trainable_c0371_00586_586_seed=587_2021-07-02_21-35-47,0.896,0.8667,0.8934,0.8596
196,NN_tune_trainable_c0371_00736_736_seed=737_2021-07-03_05-03-53,0.895,0.8844,0.8971,0.8848
197,NN_tune_trainable_c0371_00286_286_seed=287_2021-07-02_06-27-44,0.919,0.3614,0.9177,0.3766
198,NN_tune_trainable_c0371_00973_973_seed=974_2021-07-03_16-44-57,0.897,0.6044,0.8967,0.6225
199,NN_tune_trainable_c0371_00325_325_seed=326_2021-07-02_08-26-22,0.93,0.5772,0.9284,0.5959
200,NN_tune_trainable_c0371_00132_132_seed=133_2021-07-01_23-07-46,0.929,0.3163,0.9287,0.3221
201,NN_tune_trainable_c0371_00231_231_seed=232_2021-07-02_03-48-06,0.926,0.8106,0.9252,0.8166
202,NN_tune_trainable_c0371_00627_627_seed=628_2021-07-02_23-35-48,0.899,0.8798,0.8981,0.8808
203,NN_tune_trainable_c0371_00063_63_seed=64_2021-07-01_19-39-06,0.921,0.2328,0.9218,0.2402
204,NN_tune_trainable_c0371_00057_57_seed=58_2021-07-01_19-36-22,0.909,0.8551,0.9056,0.8516
205,NN_tune_trainable_c0371_00227_227_seed=228_2021-07-02_03-44-16,0.9,0.7429,0.8996,0.7621
206,NN_tune_trainable_c0371_00112_112_seed=113_2021-07-01_22-16-01,0.913,0.7302,0.9112,0.7294
207,NN_tune_trainable_c0371_00367_367_seed=368_2021-07-02_10-28-27,0.928,0.3434,0.9271,0.3526
208,NN_tune_trainable_c0371_00931_931_seed=932_2021-07-03_14-39-47,0.922,0.5927,0.9211,0.6239
209,NN_tune_trainable_c0371_00070_70_seed=71_2021-07-01_20-01-26,0.885,0.8763,0.8841,0.8719
210,NN_tune_trainable_c0371_00107_107_seed=108_2021-07-01_21-56-06,0.923,0.8794,0.9199,0.8825
211,NN_tune_trainable_c0371_00698_698_seed=699_2021-07-03_03-09-06,0.915,0.6817,0.9171,0.6851
212,NN_tune_trainable_c0371_00353_353_seed=354_2021-07-02_10-00-20,0.913,0.3216,0.9128,0.3293
213,NN_tune_trainable_c0371_00761_761_seed=762_2021-07-03_06-17-13,0.899,0.8254,0.8955,0.8434
214,NN_tune_trainable_c0371_00206_206_seed=207_2021-07-02_02-39-00,0.913,0.7368,0.9108,0.7454
215,NN_tune_trainable_c0371_00317_317_seed=318_2021-07-02_08-02-21,0.908,0.8139,0.9072,0.83
216,NN_tune_trainable_c0371_00879_879_seed=880_2021-07-03_12-08-26,0.904,0.7222,0.9044,0.7306
217,NN_tune_trainable_c0371_00383_383_seed=384_2021-07-02_11-18-16,0.897,0.8808,0.8971,0.8804
218,NN_tune_trainable_c0371_00161_161_seed=162_2021-07-02_00-38-02,0.903,0.8763,0.9031,0.8733
219,NN_tune_trainable_c0371_00841_841_seed=842_2021-07-03_10-15-41,0.91,0.8608,0.9117,0.8616
220,NN_tune_trainable_c0371_00200_200_seed=201_2021-07-02_02-33-17,0.907,0.8612,0.9073,0.8647
221,NN_tune_trainable_c0371_00299_299_seed=300_2021-07-02_07-12-50,0.909,0.4816,0.9098,0.485
222,NN_tune_trainable_c0371_00930_930_seed=931_2021-07-03_14-37-46,0.908,0.5485,0.9078,0.5718
223,NN_tune_trainable_c0371_00023_23_seed=24_2021-07-01_17-44-51,0.915,0.7415,0.9175,0.75
224,NN_tune_trainable_c0371_00094_94_seed=95_2021-07-01_21-10-46,0.902,0.7708,0.902,0.7788
225,NN_tune_trainable_c0371_00844_844_seed=845_2021-07-03_10-20-42,0.928,0.3637,0.9285,0.4031
226,NN_tune_trainable_c0371_00458_458_seed=459_2021-07-02_15-13-43,0.903,0.8244,0.9023,0.8211
227,NN_tune_trainable_c0371_00832_832_seed=833_2021-07-03_09-51-22,0.901,0.886,0.9009,0.886
228,NN_tune_trainable_c0371_00727_727_seed=728_2021-07-03_04-32-17,0.887,0.8055,0.8902,0.8069
229,NN_tune_trainable_c0371_00619_619_seed=620_2021-07-02_23-11-38,0.924,0.8565,0.9245,0.862
230,NN_tune_trainable_c0371_00153_153_seed=154_2021-07-02_00-14-02,0.908,0.6393,0.9094,0.6362
231,NN_tune_trainable_c0371_00825_825_seed=826_2021-07-03_09-28-06,0.908,0.7379,0.9089,0.7422
232,NN_tune_trainable_c0371_00664_664_seed=665_2021-07-03_01-28-47,0.915,0.5277,0.9134,0.5555
233,NN_tune_trainable_c0371_00391_391_seed=392_2021-07-02_11-42-45,0.899,0.8682,0.8985,0.8635
234,NN_tune_trainable_c0371_00387_387_seed=388_2021-07-02_11-39-45,0.906,0.7359,0.9059,0.7502
235,NN_tune_trainable_c0371_00321_321_seed=322_2021-07-02_08-22-08,0.912,0.9022,0.9095,0.9024
236,NN_tune_trainable_c0371_00407_407_seed=408_2021-07-02_12-31-57,0.894,0.8338,0.8936,0.8335
237,NN_tune_trainable_c0371_00016_16_seed=17_2021-07-01_17-22-28,0.901,0.8486,0.8991,0.8449
238,NN_tune_trainable_c0371_00392_392_seed=393_2021-07-02_11-59-50,0.923,0.1149,0.9243,0.1156
239,NN_tune_trainable_c0371_00100_100_seed=101_2021-07-01_21-33-15,0.91,0.7024,0.9108,0.7209
240,NN_tune_trainable_c0371_00905_905_seed=906_2021-07-03_13-24-41,0.906,0.8625,0.9045,0.8654
241,NN_tune_trainable_c0371_00485_485_seed=486_2021-07-02_16-27-19,0.912,0.5408,0.9136,0.5545
242,NN_tune_trainable_c0371_00455_455_seed=456_2021-07-02_14-55-49,0.916,0.8085,0.9128,0.8113
243,NN_tune_trainable_c0371_00699_699_seed=700_2021-07-03_03-09-41,0.914,0.7747,0.9138,0.7844
244,NN_tune_trainable_c0371_00768_768_seed=769_2021-07-03_06-39-22,0.902,0.858,0.8997,0.8628
245,NN_tune_trainable_c0371_00313_313_seed=314_2021-07-02_07-58-19,0.908,0.8124,0.9056,0.8176
246,NN_tune_trainable_c0371_00774_774_seed=775_2021-07-03_06-51-49,0.908,0.3164,0.9097,0.3183
247,NN_tune_trainable_c0371_00936_936_seed=937_2021-07-03_14-59-36,0.908,0.7808,0.9073,0.8138
248,NN_tune_trainable_c0371_00602_602_seed=603_2021-07-02_22-23-59,0.905,0.4754,0.9036,0.5103
249,NN_tune_trainable_c0371_00600_600_seed=601_2021-07-02_22-20-15,0.92,0.6169,0.9179,0.6214
250,NN_tune_trainable_c0371_00450_450_seed=451_2021-07-02_14-50-51,0.912,0.5566,0.9115,0.5856
251,NN_tune_trainable_c0371_00554_554_seed=555_2021-07-02_20-00-12,0.898,0.8852,0.8952,0.8859
252,NN_tune_trainable_c0371_00446_446_seed=447_2021-07-02_14-30-03,0.909,0.8944,0.9069,0.8937
253,NN_tune_trainable_c0371_00326_326_seed=327_2021-07-02_08-26-22,0.914,0.8334,0.9114,0.836
254,NN_tune_trainable_c0371_00893_893_seed=894_2021-07-03_12-44-07,0.905,0.8889,0.9052,0.8879
255,NN_tune_trainable_c0371_00737_737_seed=738_2021-07-03_05-04-56,0.906,0.8341,0.9065,0.8391
256,NN_tune_trainable_c0371_00061_61_seed=62_2021-07-01_19-38-27,0.918,0.2065,0.9175,0.2016
257,NN_tune_trainable_c0371_00134_134_seed=135_2021-07-01_23-08-07,0.892,0.5218,0.8894,0.5261
258,NN_tune_trainable_c0371_00805_805_seed=806_2021-07-03_08-23-34,0.904,0.8889,0.9016,0.8884
259,NN_tune_trainable_c0371_00644_644_seed=645_2021-07-03_00-24-18,0.92,0.2231,0.9191,0.233
260,NN_tune_trainable_c0371_00979_979_seed=980_2021-07-03_17-05-23,0.904,0.7241,0.9026,0.7441
261,NN_tune_trainable_c0371_00657_657_seed=658_2021-07-03_01-07-21,0.906,0.8244,0.9072,0.8482
262,NN_tune_trainable_c0371_00776_776_seed=777_2021-07-03_07-03-46,0.887,0.8441,0.884,0.8444
263,NN_tune_trainable_c0371_00856_856_seed=857_2021-07-03_11-03-21,0.905,0.6947,0.9053,0.7054
264,NN_tune_trainable_c0371_00675_675_seed=676_2021-07-03_01-58-21,0.908,0.7766,0.9094,0.7852
265,NN_tune_trainable_c0371_00137_137_seed=138_2021-07-01_23-27-44,0.901,0.8266,0.9002,0.8274
266,NN_tune_trainable_c0371_00638_638_seed=639_2021-07-03_00-08-16,0.898,0.8773,0.8974,0.8799
267,NN_tune_trainable_c0371_00948_948_seed=949_2021-07-03_15-32-08,0.913,0.8146,0.9133,0.8124
268,NN_tune_trainable_c0371_00039_39_seed=40_2021-07-01_18-31-02,0.891,0.8624,0.8916,0.8621
269,NN_tune_trainable_c0371_00123_123_seed=124_2021-07-01_22-42-28,0.91,0.6334,0.9097,0.6479
270,NN_tune_trainable_c0371_00243_243_seed=244_2021-07-02_04-30-36,0.897,0.8832,0.8966,0.8825
271,NN_tune_trainable_c0371_00800_800_seed=801_2021-07-03_08-15-11,0.921,0.3545,0.9209,0.3697
272,NN_tune_trainable_c0371_00553_553_seed=554_2021-07-02_19-58-55,0.912,0.6938,0.9093,0.7013
273,NN_tune_trainable_c0371_00473_473_seed=474_2021-07-02_16-00-25,0.917,0.8892,0.917,0.8904
274,NN_tune_trainable_c0371_00111_111_seed=112_2021-07-01_21-58-15,0.915,0.3524,0.9147,0.3711
275,NN_tune_trainable_c0371_00906_906_seed=907_2021-07-03_13-26-48,0.912,0.5146,0.9123,0.5363
276,NN_tune_trainable_c0371_00352_352_seed=353_2021-07-02_09-57-38,0.912,0.8338,0.9085,0.8447
277,NN_tune_trainable_c0371_00222_222_seed=223_2021-07-02_03-24-40,0.903,0.6444,0.9014,0.655
278,NN_tune_trainable_c0371_00280_280_seed=281_2021-07-02_06-22-19,0.907,0.2977,0.9056,0.3025
279,NN_tune_trainable_c0371_00423_423_seed=424_2021-07-02_13-19-09,0.896,0.7513,0.8972,0.7871
280,NN_tune_trainable_c0371_00175_175_seed=176_2021-07-02_01-06-01,0.903,0.846,0.9038,0.8464
281,NN_tune_trainable_c0371_00018_18_seed=19_2021-07-01_17-43-27,0.908,0.7905,0.9101,0.7971
282,NN_tune_trainable_c0371_00025_25_seed=26_2021-07-01_18-05-47,0.907,0.8988,0.9055,0.8983
283,NN_tune_trainable_c0371_00880_880_seed=881_2021-07-03_12-14-14,0.911,0.801,0.9116,0.8105
284,NN_tune_trainable_c0371_00195_195_seed=196_2021-07-02_02-12-32,0.908,0.7953,0.9067,0.806
285,NN_tune_trainable_c0371_00683_683_seed=684_2021-07-03_02-22-07,0.918,0.7658,0.9191,0.764
286,NN_tune_trainable_c0371_00560_560_seed=561_2021-07-02_20-21-40,0.918,0.8791,0.9164,0.8801
287,NN_tune_trainable_c0371_00271_271_seed=272_2021-07-02_05-42-09,0.884,0.8505,0.8833,0.8531
288,NN_tune_trainable_c0371_00795_795_seed=796_2021-07-03_07-55-42,0.917,0.6595,0.9147,0.6848
289,NN_tune_trainable_c0371_00891_891_seed=892_2021-07-03_12-40-04,0.895,0.8832,0.8917,0.8817
290,NN_tune_trainable_c0371_00437_437_seed=438_2021-07-02_14-03-59,0.924,0.8812,0.9222,0.8808
291,NN_tune_trainable_c0371_00257_257_seed=258_2021-07-02_05-14-58,0.918,0.3932,0.9193,0.402
292,NN_tune_trainable_c0371_00097_97_seed=98_2021-07-01_21-30-18,0.903,0.8756,0.9024,0.8775
293,NN_tune_trainable_c0371_00417_417_seed=418_2021-07-02_13-13-30,0.912,0.6947,0.9144,0.69
294,NN_tune_trainable_c0371_00934_934_seed=935_2021-07-03_14-45-24,0.895,0.8751,0.8966,0.8715
295,NN_tune_trainable_c0371_00798_798_seed=799_2021-07-03_08-02-09,0.909,0.5208,0.9101,0.5264
296,NN_tune_trainable_c0371_00744_744_seed=745_2021-07-03_05-28-00,0.918,0.6847,0.9175,0.6813
297,NN_tune_trainable_c0371_00523_523_seed=524_2021-07-02_18-26-52,0.901,0.871,0.9017,0.873
298,NN_tune_trainable_c0371_00372_372_seed=373_2021-07-02_10-51-12,0.919,0.6427,0.9185,0.6364
299,NN_tune_trainable_c0371_00009_9_seed=10_2021-07-01_17-21-05,0.911,0.83,0.91,0.8381
300,NN_tune_trainable_c0371_00682_682_seed=683_2021-07-03_02-21-31,0.9,0.6897,0.8994,0.6617
301,NN_tune_trainable_c0371_00467_467_seed=468_2021-07-02_15-36-31,0.917,0.4347,0.9165,0.4437
302,NN_tune_trainable_c0371_00723_723_seed=724_2021-07-03_04-21-32,0.925,0.434,0.927,0.4438
303,NN_tune_trainable_c0371_00386_386_seed=387_2021-07-02_11-39-06,0.916,0.3281,0.9158,0.3274
304,NN_tune_trainable_c0371_00119_119_seed=120_2021-07-01_22-21-39,0.912,0.426,0.9119,0.4347
305,NN_tune_trainable_c0371_00703_703_seed=704_2021-07-03_03-19-41,0.912,0.226,0.9126,0.2464
306,NN_tune_trainable_c0371_00678_678_seed=679_2021-07-03_02-04-44,0.902,0.8622,0.8994,0.8674
307,NN_tune_trainable_c0371_00848_848_seed=849_2021-07-03_10-39-21,0.906,0.7025,0.9054,0.7101
308,NN_tune_trainable_c0371_00672_672_seed=673_2021-07-03_01-51-22,0.909,0.8146,0.9094,0.8163
309,NN_tune_trainable_c0371_00680_680_seed=681_2021-07-03_02-14-57,0.911,0.8432,0.9111,0.8309
310,NN_tune_trainable_c0371_00843_843_seed=844_2021-07-03_10-19-39,0.91,0.5882,0.9094,0.6063
311,NN_tune_trainable_c0371_00077_77_seed=78_2021-07-01_20-23-57,0.909,0.8787,0.908,0.8802
312,NN_tune_trainable_c0371_00318_318_seed=319_2021-07-02_08-02-21,0.918,0.6602,0.9172,0.7018
313,NN_tune_trainable_c0371_00059_59_seed=60_2021-07-01_19-37-44,0.908,0.5999,0.9087,0.5945
314,NN_tune_trainable_c0371_00741_741_seed=742_2021-07-03_05-11-37,0.904,0.6759,0.9039,0.6807
315,NN_tune_trainable_c0371_00076_76_seed=77_2021-07-01_20-23-57,0.911,0.8035,0.9087,0.7983
316,NN_tune_trainable_c0371_00655_655_seed=656_2021-07-03_00-57-45,0.908,0.1867,0.9092,0.1867
317,NN_tune_trainable_c0371_00796_796_seed=797_2021-07-03_07-57-52,0.908,0.8977,0.9062,0.8924
318,NN_tune_trainable_c0371_00038_38_seed=39_2021-07-01_18-30-07,0.901,0.8145,0.8981,0.8155
319,NN_tune_trainable_c0371_00565_565_seed=566_2021-07-02_20-26-09,0.922,0.3033,0.9214,0.3397
320,NN_tune_trainable_c0371_00646_646_seed=647_2021-07-03_00-31-54,0.921,0.4208,0.9203,0.4222
321,NN_tune_trainable_c0371_00102_102_seed=103_2021-07-01_21-34-01,0.916,0.5814,0.9158,0.5693
322,NN_tune_trainable_c0371_00866_866_seed=867_2021-07-03_11-28-25,0.913,0.7283,0.9127,0.7352
323,NN_tune_trainable_c0371_00867_867_seed=868_2021-07-03_11-31-26,0.923,0.4037,0.9251,0.4151
324,NN_tune_trainable_c0371_00174_174_seed=175_2021-07-02_01-06-01,0.914,0.8351,0.9143,0.8374
325,NN_tune_trainable_c0371_00962_962_seed=963_2021-07-03_16-16-34,0.912,0.8885,0.9121,0.8845
326,NN_tune_trainable_c0371_00350_350_seed=351_2021-07-02_09-40-36,0.916,0.8779,0.9159,0.8824
327,NN_tune_trainable_c0371_00641_641_seed=642_2021-07-03_00-19-56,0.924,0.8586,0.9243,0.8593
328,NN_tune_trainable_c0371_00601_601_seed=602_2021-07-02_22-20-50,0.895,0.8527,0.8932,0.8566
329,NN_tune_trainable_c0371_00281_281_seed=282_2021-07-02_06-24-28,0.914,0.8012,0.9143,0.8129
330,NN_tune_trainable_c0371_00739_739_seed=740_2021-07-03_05-09-37,0.915,0.6714,0.9189,0.6858
331,NN_tune_trainable_c0371_00772_772_seed=773_2021-07-03_06-45-45,0.905,0.7659,0.9062,0.7698
332,NN_tune_trainable_c0371_00032_32_seed=33_2021-07-01_18-27-06,0.922,0.4943,0.9227,0.5076
333,NN_tune_trainable_c0371_00024_24_seed=25_2021-07-01_18-04-00,0.912,0.6855,0.912,0.7165
334,NN_tune_trainable_c0371_00517_517_seed=518_2021-07-02_18-02-53,0.919,0.811,0.9212,0.8319
335,NN_tune_trainable_c0371_00907_907_seed=908_2021-07-03_13-27-24,0.916,0.8229,0.9175,0.8326
336,NN_tune_trainable_c0371_00793_793_seed=794_2021-07-03_07-51-39,0.908,0.6578,0.9071,0.6713
337,NN_tune_trainable_c0371_00421_421_seed=422_2021-07-02_13-16-24,0.904,0.7716,0.9025,0.7845
338,NN_tune_trainable_c0371_00477_477_seed=478_2021-07-02_16-04-04,0.921,0.8611,0.9209,0.8692
339,NN_tune_trainable_c0371_00048_48_seed=49_2021-07-01_19-13-25,0.916,0.8387,0.918,0.8624
340,NN_tune_trainable_c0371_00989_989_seed=990_2021-07-03_17-31-02,0.905,0.4015,0.9044,0.4117
341,NN_tune_trainable_c0371_00922_922_seed=923_2021-07-03_14-14-55,0.908,0.7708,0.9116,0.7863
342,NN_tune_trainable_c0371_00847_847_seed=848_2021-07-03_10-34-30,0.902,0.8765,0.9024,0.8742
343,NN_tune_trainable_c0371_00078_78_seed=79_2021-07-01_20-24-32,0.904,0.792,0.9042,0.7988
344,NN_tune_trainable_c0371_00552_552_seed=553_2021-07-02_19-58-45,0.918,0.8845,0.9175,0.8898
345,NN_tune_trainable_c0371_00502_502_seed=503_2021-07-02_17-18-06,0.911,0.5667,0.9107,0.5837
346,NN_tune_trainable_c0371_00974_974_seed=975_2021-07-03_16-46-32,0.92,0.5492,0.9184,0.5514
347,NN_tune_trainable_c0371_00055_55_seed=56_2021-07-01_19-16-22,0.922,0.6266,0.9221,0.6266
348,NN_tune_trainable_c0371_00799_799_seed=800_2021-07-03_08-09-49,0.899,0.8861,0.8993,0.8854
349,NN_tune_trainable_c0371_00923_923_seed=924_2021-07-03_14-15-32,0.907,0.8614,0.9083,0.8565
350,NN_tune_trainable_c0371_00329_329_seed=330_2021-07-02_08-46-06,0.92,0.5273,0.92,0.5295
351,NN_tune_trainable_c0371_00746_746_seed=747_2021-07-03_05-33-54,0.905,0.823,0.9047,0.8376
352,NN_tune_trainable_c0371_00814_814_seed=815_2021-07-03_08-50-51,0.909,0.8482,0.9094,0.8579
353,NN_tune_trainable_c0371_00881_881_seed=882_2021-07-03_12-14-51,0.923,0.8411,0.9225,0.8561
354,NN_tune_trainable_c0371_00303_303_seed=304_2021-07-02_07-15-23,0.923,0.8666,0.9237,0.8716
355,NN_tune_trainable_c0371_00992_992_seed=993_2021-07-03_17-43-45,0.923,0.3889,0.9239,0.3957
356,NN_tune_trainable_c0371_00226_226_seed=227_2021-07-02_03-43-38,0.921,0.496,0.9214,0.5399
357,NN_tune_trainable_c0371_00189_189_seed=190_2021-07-02_01-52-30,0.888,0.8555,0.888,0.8609
358,NN_tune_trainable_c0371_00365_365_seed=366_2021-07-02_10-26-40,0.903,0.4735,0.902,0.4937
359,NN_tune_trainable_c0371_00623_623_seed=624_2021-07-02_23-20-56,0.91,0.8035,0.9106,0.8086
360,NN_tune_trainable_c0371_00559_559_seed=560_2021-07-02_20-08-48,0.899,0.8662,0.8976,0.8644
361,NN_tune_trainable_c0371_00125_125_seed=126_2021-07-01_22-44-16,0.896,0.8866,0.8943,0.8857
362,NN_tune_trainable_c0371_00264_264_seed=265_2021-07-02_05-35-36,0.913,0.8629,0.9147,0.8544
363,NN_tune_trainable_c0371_00514_514_seed=515_2021-07-02_18-02-17,0.912,0.7611,0.9136,0.7593
364,NN_tune_trainable_c0371_00901_901_seed=902_2021-07-03_13-07-56,0.916,0.9069,0.9148,0.9052
365,NN_tune_trainable_c0371_00089_89_seed=90_2021-07-01_21-08-30,0.913,0.6775,0.9118,0.6752
366,NN_tune_trainable_c0371_00886_886_seed=887_2021-07-03_12-21-48,0.916,0.8557,0.9154,0.8529
367,NN_tune_trainable_c0371_00645_645_seed=646_2021-07-03_00-25-43,0.92,0.3607,0.9198,0.3598
368,NN_tune_trainable_c0371_00771_771_seed=772_2021-07-03_06-45-03,0.89,0.8749,0.889,0.8761
369,NN_tune_trainable_c0371_00463_463_seed=464_2021-07-02_15-19-38,0.901,0.4457,0.8983,0.4694
370,NN_tune_trainable_c0371_00493_493_seed=494_2021-07-02_16-51-19,0.908,0.4466,0.9081,0.4457
371,NN_tune_trainable_c0371_00110_110_seed=111_2021-07-01_21-56-45,0.929,0.1138,0.93,0.1138
372,NN_tune_trainable_c0371_00950_950_seed=951_2021-07-03_15-34-26,0.888,0.879,0.8855,0.8779
373,NN_tune_trainable_c0371_00251_251_seed=252_2021-07-02_04-53-50,0.906,0.5213,0.9053,0.5408
374,NN_tune_trainable_c0371_00363_363_seed=364_2021-07-02_10-25-42,0.909,0.8813,0.9088,0.8785
375,NN_tune_trainable_c0371_00749_749_seed=750_2021-07-03_05-35-38,0.901,0.8947,0.8998,0.8921
376,NN_tune_trainable_c0371_00099_99_seed=100_2021-07-01_21-33-00,0.915,0.4301,0.9153,0.4441
377,NN_tune_trainable_c0371_00759_759_seed=760_2021-07-03_06-09-38,0.906,0.7617,0.9067,0.7544
378,NN_tune_trainable_c0371_00075_75_seed=76_2021-07-01_20-23-46,0.908,0.8442,0.9077,0.8491
379,NN_tune_trainable_c0371_00263_263_seed=264_2021-07-02_05-18-39,0.915,0.8135,0.9135,0.8173
380,NN_tune_trainable_c0371_00668_668_seed=669_2021-07-03_01-35-27,0.911,0.848,0.9118,0.8492
381,NN_tune_trainable_c0371_00500_500_seed=501_2021-07-02_17-14-09,0.913,0.7935,0.9117,0.8106
382,NN_tune_trainable_c0371_00757_757_seed=758_2021-07-03_05-59-35,0.885,0.8724,0.886,0.873
383,NN_tune_trainable_c0371_00542_542_seed=543_2021-07-02_19-20-28,0.909,0.6338,0.9088,0.6435
384,NN_tune_trainable_c0371_00447_447_seed=448_2021-07-02_14-31-27,0.9,0.8502,0.8991,0.8472
385,NN_tune_trainable_c0371_00178_178_seed=179_2021-07-02_01-25-02,0.923,0.6759,0.9226,0.7313
386,NN_tune_trainable_c0371_00694_694_seed=695_2021-07-03_02-51-09,0.907,0.7942,0.9051,0.8135
387,NN_tune_trainable_c0371_00822_822_seed=823_2021-07-03_09-15-13,0.914,0.8872,0.9152,0.8865
388,NN_tune_trainable_c0371_00220_220_seed=221_2021-07-02_03-21-54,0.902,0.8782,0.9017,0.8755
389,NN_tune_trainable_c0371_00465_465_seed=466_2021-07-02_15-36-11,0.904,0.6204,0.9054,0.6727
390,NN_tune_trainable_c0371_00921_921_seed=922_2021-07-03_14-13-03,0.919,0.395,0.9183,0.4168
391,NN_tune_trainable_c0371_00042_42_seed=43_2021-07-01_18-52-07,0.921,0.6745,0.9214,0.7084
392,NN_tune_trainable_c0371_00170_170_seed=171_2021-07-02_01-01-38,0.913,0.3328,0.9103,0.3397
393,NN_tune_trainable_c0371_00663_663_seed=664_2021-07-03_01-21-57,0.903,0.8346,0.9006,0.8399
394,NN_tune_trainable_c0371_00198_198_seed=199_2021-07-02_02-16-20,0.907,0.7731,0.9088,0.799
395,NN_tune_trainable_c0371_00816_816_seed=817_2021-07-03_09-03-40,0.916,0.9082,0.9174,0.9048
396,NN_tune_trainable_c0371_00069_69_seed=70_2021-07-01_20-01-17,0.92,0.666,0.9224,0.6709
397,NN_tune_trainable_c0371_00108_108_seed=109_2021-07-01_21-56-33,0.919,0.6042,0.9173,0.6258
398,NN_tune_trainable_c0371_00301_301_seed=302_2021-07-02_07-14-30,0.906,0.8557,0.9053,0.858
399,NN_tune_trainable_c0371_00826_826_seed=827_2021-07-03_09-28-57,0.918,0.3069,0.9194,0.3137
400,NN_tune_trainable_c0371_00871_871_seed=872_2021-07-03_11-44-44,0.898,0.4808,0.8976,0.4788
401,NN_tune_trainable_c0371_00256_256_seed=257_2021-07-02_05-13-30,0.915,0.6052,0.9162,0.6353
402,NN_tune_trainable_c0371_00233_233_seed=234_2021-07-02_04-06-09,0.914,0.7743,0.9125,0.7731
403,NN_tune_trainable_c0371_00438_438_seed=439_2021-07-02_14-05-59,0.905,0.8856,0.9049,0.88
404,NN_tune_trainable_c0371_00787_787_seed=788_2021-07-03_07-31-26,0.924,0.8702,0.9228,0.8685
405,NN_tune_trainable_c0371_00577_577_seed=578_2021-07-02_21-09-03,0.892,0.8419,0.8891,0.8544
406,NN_tune_trainable_c0371_00074_74_seed=75_2021-07-01_20-22-57,0.89,0.723,0.8872,0.7322
407,NN_tune_trainable_c0371_00963_963_seed=964_2021-07-03_16-17-54,0.91,0.6196,0.9092,0.6403
408,NN_tune_trainable_c0371_00482_482_seed=483_2021-07-02_16-24-33,0.881,0.8556,0.8838,0.8409
409,NN_tune_trainable_c0371_00312_312_seed=313_2021-07-02_07-56-59,0.912,0.8708,0.911,0.8784
410,NN_tune_trainable_c0371_00621_621_seed=622_2021-07-02_23-13-24,0.917,0.8345,0.9158,0.8382
411,NN_tune_trainable_c0371_00476_476_seed=477_2021-07-02_16-03-02,0.902,0.8659,0.9019,0.8751
412,NN_tune_trainable_c0371_00709_709_seed=710_2021-07-03_03-35-25,0.906,0.8153,0.9051,0.8109
413,NN_tune_trainable_c0371_00296_296_seed=297_2021-07-02_07-09-28,0.901,0.7845,0.901,0.8037
414,NN_tune_trainable_c0371_00154_154_seed=155_2021-07-02_00-15-31,0.909,0.7661,0.9088,0.7511
415,NN_tune_trainable_c0371_00878_878_seed=879_2021-07-03_11-59-09,0.911,0.9044,0.9113,0.9031
416,NN_tune_trainable_c0371_00441_441_seed=442_2021-07-02_14-25-47,0.904,0.8996,0.9057,0.897
417,NN_tune_trainable_c0371_00083_83_seed=84_2021-07-01_20-45-55,0.9,0.7789,0.8989,0.7996
418,NN_tune_trainable_c0371_00344_344_seed=345_2021-07-02_09-32-51,0.919,0.5052,0.9207,0.5243
419,NN_tune_trainable_c0371_00431_431_seed=432_2021-07-02_13-42-57,0.905,0.8499,0.9066,0.8218
420,NN_tune_trainable_c0371_00788_788_seed=789_2021-07-03_07-33-41,0.906,0.4855,0.9054,0.5092
421,NN_tune_trainable_c0371_00163_163_seed=164_2021-07-02_00-38-49,0.916,0.4831,0.9181,0.49
422,NN_tune_trainable_c0371_00221_221_seed=222_2021-07-02_03-24-06,0.897,0.8869,0.8963,0.883
423,NN_tune_trainable_c0371_00197_197_seed=198_2021-07-02_02-15-47,0.9,0.89,0.9014,0.8872
424,NN_tune_trainable_c0371_00029_29_seed=30_2021-07-01_18-06-48,0.92,0.3737,0.9195,0.3823
425,NN_tune_trainable_c0371_00575_575_seed=576_2021-07-02_20-57-30,0.904,0.8603,0.9048,0.865
426,NN_tune_trainable_c0371_00377_377_seed=378_2021-07-02_11-11-52,0.924,0.7671,0.9232,0.7917
427,NN_tune_trainable_c0371_00478_478_seed=479_2021-07-02_16-05-26,0.917,0.8808,0.9155,0.8801
428,NN_tune_trainable_c0371_00750_750_seed=751_2021-07-03_05-39-14,0.91,0.6313,0.9083,0.6345
429,NN_tune_trainable_c0371_00874_874_seed=875_2021-07-03_11-52-04,0.898,0.8822,0.8968,0.877
430,NN_tune_trainable_c0371_00073_73_seed=74_2021-07-01_20-21-55,0.9,0.89,0.9017,0.887
431,NN_tune_trainable_c0371_00707_707_seed=708_2021-07-03_03-33-46,0.903,0.8438,0.8995,0.8437
432,NN_tune_trainable_c0371_00549_549_seed=550_2021-07-02_19-38-33,0.902,0.8674,0.9031,0.8701
433,NN_tune_trainable_c0371_00411_411_seed=412_2021-07-02_12-51-41,0.902,0.8952,0.9028,0.8951
434,NN_tune_trainable_c0371_00488_488_seed=489_2021-07-02_16-47-06,0.92,0.4095,0.9191,0.4115
435,NN_tune_trainable_c0371_00900_900_seed=901_2021-07-03_13-06-45,0.906,0.8075,0.909,0.8091
436,NN_tune_trainable_c0371_00609_609_seed=610_2021-07-02_22-44-57,0.897,0.8759,0.8955,0.8804
437,NN_tune_trainable_c0371_00928_928_seed=929_2021-07-03_14-35-49,0.903,0.4477,0.9027,0.4731
438,NN_tune_trainable_c0371_00892_892_seed=893_2021-07-03_12-42-45,0.908,0.8775,0.9068,0.8771
439,NN_tune_trainable_c0371_00647_647_seed=648_2021-07-03_00-33-56,0.903,0.733,0.9033,0.7301
440,NN_tune_trainable_c0371_00734_734_seed=735_2021-07-03_04-51-28,0.911,0.8752,0.9108,0.8785
441,NN_tune_trainable_c0371_00120_120_seed=121_2021-07-01_22-39-34,0.906,0.8407,0.9026,0.8368
442,NN_tune_trainable_c0371_00259_259_seed=260_2021-07-02_05-16-34,0.903,0.8582,0.9027,0.8666
443,NN_tune_trainable_c0371_00614_614_seed=615_2021-07-02_22-55-27,0.924,0.6437,0.9234,0.6341
444,NN_tune_trainable_c0371_00090_90_seed=91_2021-07-01_21-09-11,0.921,0.8968,0.9211,0.8968
445,NN_tune_trainable_c0371_00128_128_seed=129_2021-07-01_23-03-20,0.906,0.8959,0.9068,0.8944
446,NN_tune_trainable_c0371_00181_181_seed=182_2021-07-02_01-29-14,0.914,0.3156,0.9133,0.3341
447,NN_tune_trainable_c0371_00890_890_seed=891_2021-07-03_12-39-20,0.919,0.4431,0.9176,0.4788
448,NN_tune_trainable_c0371_00797_797_seed=798_2021-07-03_07-59-45,0.909,0.8576,0.9109,0.8655
449,NN_tune_trainable_c0371_00895_895_seed=896_2021-07-03_12-55-12,0.913,0.7685,0.9117,0.7569
450,NN_tune_trainable_c0371_00218_218_seed=219_2021-07-02_03-21-16,0.916,0.7184,0.9149,0.7321
451,NN_tune_trainable_c0371_00306_306_seed=307_2021-07-02_07-36-40,0.904,0.8948,0.9045,0.8904
452,NN_tune_trainable_c0371_00728_728_seed=729_2021-07-03_04-39-34,0.913,0.7727,0.9154,0.7819
453,NN_tune_trainable_c0371_00970_970_seed=971_2021-07-03_16-40-39,0.907,0.8591,0.9078,0.8779
454,NN_tune_trainable_c0371_00486_486_seed=487_2021-07-02_16-29-30,0.895,0.8886,0.8959,0.883
455,NN_tune_trainable_c0371_00778_778_seed=779_2021-07-03_07-07-43,0.894,0.8892,0.8916,0.884
456,NN_tune_trainable_c0371_00199_199_seed=200_2021-07-02_02-16-39,0.919,0.8622,0.9171,0.8659
457,NN_tune_trainable_c0371_00716_716_seed=717_2021-07-03_03-58-33,0.909,0.5752,0.9078,0.5783
458,NN_tune_trainable_c0371_00566_566_seed=567_2021-07-02_20-32-42,0.899,0.7477,0.8994,0.7654
459,NN_tune_trainable_c0371_00409_409_seed=410_2021-07-02_12-49-04,0.905,0.7907,0.9052,0.7937
460,NN_tune_trainable_c0371_00648_648_seed=649_2021-07-03_00-42-25,0.922,0.321,0.9225,0.3406
461,NN_tune_trainable_c0371_00371_371_seed=372_2021-07-02_10-50-30,0.916,0.7824,0.9173,0.7981
462,NN_tune_trainable_c0371_00789_789_seed=790_2021-07-03_07-33-41,0.902,0.7891,0.9022,0.7963
463,NN_tune_trainable_c0371_00440_440_seed=441_2021-07-02_14-23-44,0.919,0.9058,0.9196,0.907
464,NN_tune_trainable_c0371_00349_349_seed=350_2021-07-02_09-38-56,0.907,0.6942,0.9074,0.7171
465,NN_tune_trainable_c0371_00410_410_seed=411_2021-07-02_12-50-04,0.9,0.8439,0.8994,0.8467
466,NN_tune_trainable_c0371_00193_193_seed=194_2021-07-02_02-10-23,0.915,0.85,0.9133,0.8516
467,NN_tune_trainable_c0371_00452_452_seed=453_2021-07-02_14-51-17,0.905,0.8183,0.9048,0.8214
468,NN_tune_trainable_c0371_00260_260_seed=261_2021-07-02_05-17-07,0.922,0.8362,0.9222,0.8285
469,NN_tune_trainable_c0371_00504_504_seed=505_2021-07-02_17-35-14,0.909,0.8742,0.9132,0.8797
470,NN_tune_trainable_c0371_00305_305_seed=306_2021-07-02_07-34-34,0.926,0.6714,0.9253,0.6627
471,NN_tune_trainable_c0371_00971_971_seed=972_2021-07-03_16-41-01,0.916,0.4596,0.9165,0.4745
472,NN_tune_trainable_c0371_00515_515_seed=516_2021-07-02_18-02-17,0.908,0.7247,0.9113,0.7343
473,NN_tune_trainable_c0371_00424_424_seed=425_2021-07-02_13-35-12,0.914,0.8096,0.9141,0.8233
474,NN_tune_trainable_c0371_00136_136_seed=137_2021-07-01_23-27-17,0.92,0.6004,0.9229,0.6207
475,NN_tune_trainable_c0371_00719_719_seed=720_2021-07-03_04-07-55,0.912,0.8223,0.9118,0.8292
476,NN_tune_trainable_c0371_00712_712_seed=713_2021-07-03_03-50-34,0.903,0.8424,0.9044,0.8476
477,NN_tune_trainable_c0371_00755_755_seed=756_2021-07-03_05-57-19,0.929,0.8093,0.9292,0.8012
478,NN_tune_trainable_c0371_00658_658_seed=659_2021-07-03_01-10-09,0.899,0.8656,0.8986,0.867
479,NN_tune_trainable_c0371_00418_418_seed=419_2021-07-02_13-14-08,0.91,0.8756,0.9108,0.8797
480,NN_tune_trainable_c0371_00511_511_seed=512_2021-07-02_17-44-04,0.907,0.8707,0.905,0.8694
481,NN_tune_trainable_c0371_00551_551_seed=552_2021-07-02_19-45-49,0.926,0.1999,0.9253,0.2028
482,NN_tune_trainable_c0371_00343_343_seed=344_2021-07-02_09-16-38,0.921,0.6554,0.9208,0.6775
483,NN_tune_trainable_c0371_00109_109_seed=110_2021-07-01_21-56-44,0.914,0.4999,0.9151,0.5165
484,NN_tune_trainable_c0371_00730_730_seed=731_2021-07-03_04-45-20,0.901,0.8695,0.8984,0.8669
485,NN_tune_trainable_c0371_00961_961_seed=962_2021-07-03_16-13-01,0.898,0.8827,0.8968,0.8797
486,NN_tune_trainable_c0371_00180_180_seed=181_2021-07-02_01-28-26,0.916,0.6462,0.918,0.6738
487,NN_tune_trainable_c0371_00250_250_seed=251_2021-07-02_04-53-50,0.906,0.8418,0.9049,0.8401
488,NN_tune_trainable_c0371_00173_173_seed=174_2021-07-02_01-05-46,0.909,0.7316,0.9098,0.7794
489,NN_tune_trainable_c0371_00209_209_seed=210_2021-07-02_02-56-48,0.907,0.8064,0.9059,0.8385
490,NN_tune_trainable_c0371_00740_740_seed=741_2021-07-03_05-10-13,0.928,0.6554,0.9277,0.6591
491,NN_tune_trainable_c0371_00630_630_seed=631_2021-07-02_23-43-56,0.908,0.8669,0.9088,0.8713
492,NN_tune_trainable_c0371_00332_332_seed=333_2021-07-02_08-48-48,0.914,0.8465,0.914,0.8589
493,NN_tune_trainable_c0371_00667_667_seed=668_2021-07-03_01-35-21,0.91,0.8807,0.9086,0.8807
494,NN_tune_trainable_c0371_00845_845_seed=846_2021-07-03_10-22-57,0.846,0.75,0.8423,0.7088
495,NN_tune_trainable_c0371_00597_597_seed=598_2021-07-02_22-01-53,0.908,0.7909,0.9088,0.8106
496,NN_tune_trainable_c0371_00095_95_seed=96_2021-07-01_21-11-21,0.904,0.7435,0.9054,0.748
497,NN_tune_trainable_c0371_00914_914_seed=915_2021-07-03_13-51-09,0.883,0.8731,0.8824,0.8717
498,NN_tune_trainable_c0371_00975_975_seed=976_2021-07-03_16-55-01,0.918,0.7065,0.9167,0.7188
499,NN_tune_trainable_c0371_00806_806_seed=807_2021-07-03_08-26-22,0.916,0.7585,0.915,0.7674
500,NN_tune_trainable_c0371_00235_235_seed=236_2021-07-02_04-07-28,0.889,0.8554,0.8883,0.8544
501,NN_tune_trainable_c0371_00278_278_seed=279_2021-07-02_06-04-25,0.919,0.6276,0.9185,0.6542
502,NN_tune_trainable_c0371_00538_538_seed=539_2021-07-02_19-13-15,0.897,0.8847,0.8949,0.8816
503,NN_tune_trainable_c0371_00249_249_seed=250_2021-07-02_04-51-47,0.91,0.3181,0.9078,0.322
504,NN_tune_trainable_c0371_00079_79_seed=80_2021-07-01_20-25-53,0.899,0.8914,0.8997,0.8904
505,NN_tune_trainable_c0371_00854_854_seed=855_2021-07-03_10-50-38,0.897,0.8817,0.8971,0.8817
506,NN_tune_trainable_c0371_00124_124_seed=125_2021-07-01_22-43-36,0.901,0.7689,0.8974,0.8092
507,NN_tune_trainable_c0371_00896_896_seed=897_2021-07-03_13-00-24,0.921,0.8317,0.9207,0.8401
508,NN_tune_trainable_c0371_00631_631_seed=632_2021-07-02_23-45-46,0.907,0.8949,0.9038,0.8919
509,NN_tune_trainable_c0371_00192_192_seed=193_2021-07-02_02-10-22,0.89,0.8617,0.8921,0.8589
510,NN_tune_trainable_c0371_00376_376_seed=377_2021-07-02_11-10-25,0.904,0.8909,0.9064,0.8841
511,NN_tune_trainable_c0371_00571_571_seed=572_2021-07-02_20-48-07,0.917,0.6378,0.9172,0.6423
512,NN_tune_trainable_c0371_00310_310_seed=311_2021-07-02_07-38-20,0.904,0.8251,0.9044,0.8283
513,NN_tune_trainable_c0371_00420_420_seed=421_2021-07-02_13-16-13,0.914,0.327,0.9145,0.3249
514,NN_tune_trainable_c0371_00505_505_seed=506_2021-07-02_17-36-23,0.913,0.4551,0.9131,0.467
515,NN_tune_trainable_c0371_00401_401_seed=402_2021-07-02_12-25-41,0.908,0.4407,0.9121,0.4691
516,NN_tune_trainable_c0371_00660_660_seed=661_2021-07-03_01-11-34,0.903,0.8349,0.9033,0.8407
517,NN_tune_trainable_c0371_00258_258_seed=259_2021-07-02_05-15-59,0.909,0.875,0.9083,0.8721
518,NN_tune_trainable_c0371_00276_276_seed=277_2021-07-02_06-03-39,0.916,0.6279,0.9153,0.6134
519,NN_tune_trainable_c0371_00692_692_seed=693_2021-07-03_02-46-56,0.9,0.8761,0.8985,0.8708
520,NN_tune_trainable_c0371_00050_50_seed=51_2021-07-01_19-14-38,0.914,0.8059,0.9116,0.8211
521,NN_tune_trainable_c0371_00168_168_seed=169_2021-07-02_01-00-31,0.894,0.8858,0.8956,0.884
522,NN_tune_trainable_c0371_00767_767_seed=768_2021-07-03_06-34-04,0.898,0.8421,0.8984,0.8523
523,NN_tune_trainable_c0371_00358_358_seed=359_2021-07-02_10-04-04,0.918,0.4817,0.9164,0.5109
524,NN_tune_trainable_c0371_00435_435_seed=436_2021-07-02_14-02-27,0.89,0.8489,0.8899,0.8473
525,NN_tune_trainable_c0371_00608_608_seed=609_2021-07-02_22-44-03,0.91,0.7777,0.9096,0.7932
526,NN_tune_trainable_c0371_00860_860_seed=861_2021-07-03_11-08-44,0.912,0.702,0.9124,0.7219
527,NN_tune_trainable_c0371_00116_116_seed=117_2021-07-01_22-19-52,0.912,0.8456,0.9113,0.8417
528,NN_tune_trainable_c0371_00926_926_seed=927_2021-07-03_14-21-24,0.898,0.8726,0.9,0.8662
529,NN_tune_trainable_c0371_00338_338_seed=339_2021-07-02_09-12-26,0.915,0.8597,0.915,0.8605
530,NN_tune_trainable_c0371_00207_207_seed=208_2021-07-02_02-39-22,0.904,0.8743,0.9037,0.8717
531,NN_tune_trainable_c0371_00714_714_seed=715_2021-07-03_03-56-43,0.909,0.8227,0.9089,0.8359
532,NN_tune_trainable_c0371_00290_290_seed=291_2021-07-02_06-49-37,0.895,0.8663,0.8939,0.8682
533,NN_tune_trainable_c0371_00775_775_seed=776_2021-07-03_06-57-56,0.895,0.8815,0.8964,0.8766
534,NN_tune_trainable_c0371_00986_986_seed=987_2021-07-03_17-26-44,0.9,0.8912,0.8983,0.8921
535,NN_tune_trainable_c0371_00105_105_seed=106_2021-07-01_21-53-37,0.916,0.8478,0.9158,0.8502
536,NN_tune_trainable_c0371_00091_91_seed=92_2021-07-01_21-09-23,0.905,0.6452,0.9055,0.6382
537,NN_tune_trainable_c0371_00242_242_seed=243_2021-07-02_04-30-08,0.918,0.7618,0.918,0.7385
538,NN_tune_trainable_c0371_00494_494_seed=495_2021-07-02_16-53-48,0.919,0.7999,0.9172,0.8103
539,NN_tune_trainable_c0371_00480_480_seed=481_2021-07-02_16-23-58,0.899,0.7363,0.8987,0.737
540,NN_tune_trainable_c0371_00430_430_seed=431_2021-07-02_13-41-36,0.911,0.408,0.9118,0.4388
541,NN_tune_trainable_c0371_00877_877_seed=878_2021-07-03_11-58-24,0.913,0.7081,0.9112,0.7007
542,NN_tune_trainable_c0371_00005_5_seed=6_2021-07-01_16-59-54,0.899,0.8922,0.8981,0.89
543,NN_tune_trainable_c0371_00762_762_seed=763_2021-07-03_06-20-17,0.913,0.5792,0.9137,0.5936
544,NN_tune_trainable_c0371_00748_748_seed=749_2021-07-03_05-34-29,0.905,0.5299,0.9037,0.5218
545,NN_tune_trainable_c0371_00244_244_seed=245_2021-07-02_04-31-10,0.916,0.5865,0.9161,0.5837
546,NN_tune_trainable_c0371_00328_328_seed=329_2021-07-02_08-44-41,0.92,0.426,0.9217,0.4287
547,NN_tune_trainable_c0371_00889_889_seed=890_2021-07-03_12-38-30,0.908,0.89,0.9084,0.8877
548,NN_tune_trainable_c0371_00545_545_seed=546_2021-07-02_19-36-21,0.899,0.8801,0.8975,0.8769
549,NN_tune_trainable_c0371_00396_396_seed=397_2021-07-02_12-05-24,0.906,0.5972,0.9046,0.6155
550,NN_tune_trainable_c0371_00487_487_seed=488_2021-07-02_16-31-31,0.914,0.436,0.9137,0.4536
551,NN_tune_trainable_c0371_00980_980_seed=981_2021-07-03_17-08-00,0.903,0.8192,0.9001,0.8298
552,NN_tune_trainable_c0371_00385_385_seed=386_2021-07-02_11-36-43,0.92,0.8068,0.9199,0.8174
553,NN_tune_trainable_c0371_00302_302_seed=303_2021-07-02_07-14-36,0.904,0.7975,0.9044,0.8011
554,NN_tune_trainable_c0371_00620_620_seed=621_2021-07-02_23-12-14,0.914,0.3961,0.9135,0.4086
555,NN_tune_trainable_c0371_00390_390_seed=391_2021-07-02_11-42-39,0.908,0.8128,0.9057,0.8224
556,NN_tune_trainable_c0371_00942_942_seed=943_2021-07-03_15-10-02,0.915,0.5184,0.9161,0.534
557,NN_tune_trainable_c0371_00802_802_seed=803_2021-07-03_08-19-40,0.92,0.8745,0.919,0.8784
558,NN_tune_trainable_c0371_00245_245_seed=246_2021-07-02_04-32-36,0.908,0.8588,0.9092,0.8552
559,NN_tune_trainable_c0371_00573_573_seed=574_2021-07-02_20-50-12,0.908,0.4268,0.9084,0.4605
560,NN_tune_trainable_c0371_00529_529_seed=530_2021-07-02_18-48-31,0.904,0.8329,0.9083,0.8401
561,NN_tune_trainable_c0371_00460_460_seed=461_2021-07-02_15-14-55,0.906,0.8889,0.9042,0.8879
562,NN_tune_trainable_c0371_00165_165_seed=166_2021-07-02_00-42-22,0.896,0.8891,0.8951,0.8866
563,NN_tune_trainable_c0371_00943_943_seed=944_2021-07-03_15-17-29,0.922,0.3911,0.9241,0.4026
564,NN_tune_trainable_c0371_00274_274_seed=275_2021-07-02_06-02-53,0.911,0.731,0.9103,0.7526
565,NN_tune_trainable_c0371_00084_84_seed=85_2021-07-01_20-46-31,0.914,0.5943,0.9159,0.5901
566,NN_tune_trainable_c0371_00945_945_seed=946_2021-07-03_15-24-37,0.91,0.8892,0.9089,0.8904
567,NN_tune_trainable_c0371_00155_155_seed=156_2021-07-02_00-16-06,0.925,0.4589,0.9257,0.4511
568,NN_tune_trainable_c0371_00872_872_seed=873_2021-07-03_11-50-56,0.904,0.8529,0.9036,0.8541
569,NN_tune_trainable_c0371_00045_45_seed=46_2021-07-01_18-52-28,0.905,0.7734,0.9037,0.7771
570,NN_tune_trainable_c0371_00574_574_seed=575_2021-07-02_20-56-56,0.926,0.8506,0.9252,0.8528
571,NN_tune_trainable_c0371_00858_858_seed=859_2021-07-03_11-04-56,0.914,0.1814,0.9133,0.1915
572,NN_tune_trainable_c0371_00915_915_seed=916_2021-07-03_13-51-31,0.908,0.458,0.9072,0.4842
573,NN_tune_trainable_c0371_00434_434_seed=435_2021-07-02_14-02-27,0.903,0.863,0.9035,0.8596
574,NN_tune_trainable_c0371_00686_686_seed=687_2021-07-03_02-27-13,0.911,0.6423,0.9105,0.6485
575,NN_tune_trainable_c0371_00322_322_seed=323_2021-07-02_08-23-42,0.904,0.8351,0.9051,0.8473
576,NN_tune_trainable_c0371_00558_558_seed=559_2021-07-02_20-08-41,0.904,0.7415,0.9021,0.7486
577,NN_tune_trainable_c0371_00462_462_seed=463_2021-07-02_15-18-18,0.916,0.4165,0.9173,0.4206
578,NN_tune_trainable_c0371_00595_595_seed=596_2021-07-02_21-59-58,0.892,0.8725,0.8913,0.8757
579,NN_tune_trainable_c0371_00158_158_seed=159_2021-07-02_00-19-05,0.906,0.8791,0.9072,0.8762
580,NN_tune_trainable_c0371_00651_651_seed=652_2021-07-03_00-47-31,0.913,0.7604,0.9139,0.7753
581,NN_tune_trainable_c0371_00894_894_seed=895_2021-07-03_12-44-13,0.908,0.8683,0.9077,0.8741
582,NN_tune_trainable_c0371_00570_570_seed=571_2021-07-02_20-48-07,0.908,0.7672,0.9066,0.7511
583,NN_tune_trainable_c0371_00071_71_seed=72_2021-07-01_20-02-28,0.909,0.4344,0.9094,0.4432
584,NN_tune_trainable_c0371_00957_957_seed=958_2021-07-03_15-57-08,0.903,0.8406,0.9032,0.8387
585,NN_tune_trainable_c0371_00361_361_seed=362_2021-07-02_10-23-39,0.906,0.8563,0.9042,0.8558
586,NN_tune_trainable_c0371_00790_790_seed=791_2021-07-03_07-38-08,0.905,0.8918,0.9058,0.8836
587,NN_tune_trainable_c0371_00628_628_seed=629_2021-07-02_23-36-53,0.91,0.3944,0.9088,0.4117
588,NN_tune_trainable_c0371_00103_103_seed=104_2021-07-01_21-34-35,0.896,0.869,0.896,0.8717
589,NN_tune_trainable_c0371_00852_852_seed=853_2021-07-03_10-44-49,0.893,0.8872,0.8921,0.884
590,NN_tune_trainable_c0371_00374_374_seed=375_2021-07-02_10-53-02,0.912,0.8935,0.9121,0.8849
591,NN_tune_trainable_c0371_00990_990_seed=991_2021-07-03_17-34-08,0.927,0.534,0.927,0.5441
592,NN_tune_trainable_c0371_00287_287_seed=288_2021-07-02_06-28-09,0.921,0.4665,0.9216,0.5015
593,NN_tune_trainable_c0371_00101_101_seed=102_2021-07-01_21-33-22,0.889,0.822,0.892,0.8216
594,NN_tune_trainable_c0371_00665_665_seed=666_2021-07-03_01-31-23,0.9,0.8268,0.9002,0.8355
595,NN_tune_trainable_c0371_00381_381_seed=382_2021-07-02_11-16-11,0.897,0.8695,0.8972,0.8722
596,NN_tune_trainable_c0371_00897_897_seed=898_2021-07-03_13-02-21,0.905,0.7454,0.9049,0.7638
597,NN_tune_trainable_c0371_00307_307_seed=308_2021-07-02_07-36-40,0.922,0.5861,0.919,0.5833
598,NN_tune_trainable_c0371_00912_912_seed=913_2021-07-03_13-42-15,0.907,0.8913,0.9074,0.8943
599,NN_tune_trainable_c0371_00561_561_seed=562_2021-07-02_20-22-14,0.921,0.8813,0.9217,0.8882
600,NN_tune_trainable_c0371_00813_813_seed=814_2021-07-03_08-47-51,0.91,0.5286,0.9085,0.5291
601,NN_tune_trainable_c0371_00842_842_seed=843_2021-07-03_10-16-44,0.911,0.8361,0.9095,0.8442
602,NN_tune_trainable_c0371_00464_464_seed=465_2021-07-02_15-35-56,0.925,0.3229,0.9249,0.3368
603,NN_tune_trainable_c0371_00611_611_seed=612_2021-07-02_22-47-54,0.916,0.8627,0.9164,0.8706
604,NN_tune_trainable_c0371_00653_653_seed=654_2021-07-03_00-49-29,0.922,0.8069,0.9236,0.8131
605,NN_tune_trainable_c0371_00388_388_seed=389_2021-07-02_11-40-45,0.907,0.7583,0.9079,0.7614
606,NN_tune_trainable_c0371_00640_640_seed=641_2021-07-03_00-18-29,0.929,0.175,0.9287,0.1873
607,NN_tune_trainable_c0371_00967_967_seed=968_2021-07-03_16-30-33,0.92,0.9148,0.921,0.9091
608,NN_tune_trainable_c0371_00635_635_seed=636_2021-07-03_00-00-26,0.912,0.8325,0.9114,0.8288
609,NN_tune_trainable_c0371_00186_186_seed=187_2021-07-02_01-49-00,0.896,0.7775,0.8987,0.8005
610,NN_tune_trainable_c0371_00593_593_seed=594_2021-07-02_21-56-32,0.908,0.5443,0.9062,0.5687
611,NN_tune_trainable_c0371_00152_152_seed=153_2021-07-02_00-13-36,0.905,0.7572,0.906,0.7612
612,NN_tune_trainable_c0371_00541_541_seed=542_2021-07-02_19-15-25,0.893,0.6137,0.8932,0.6357
613,NN_tune_trainable_c0371_00356_356_seed=357_2021-07-02_10-01-39,0.897,0.7912,0.8974,0.7859
614,NN_tune_trainable_c0371_00208_208_seed=209_2021-07-02_02-56-30,0.909,0.5481,0.9088,0.5592
615,NN_tune_trainable_c0371_00674_674_seed=675_2021-07-03_01-57-55,0.901,0.8911,0.9011,0.8899
616,NN_tune_trainable_c0371_00539_539_seed=540_2021-07-02_19-13-50,0.9,0.8874,0.8982,0.8907
617,NN_tune_trainable_c0371_00688_688_seed=689_2021-07-03_02-38-03,0.908,0.5129,0.9095,0.5118
618,NN_tune_trainable_c0371_00007_7_seed=8_2021-07-01_16-59-54,0.897,0.8607,0.8952,0.8675
619,NN_tune_trainable_c0371_00160_160_seed=161_2021-07-02_00-36-59,0.916,0.8297,0.9179,0.8293
620,NN_tune_trainable_c0371_00342_342_seed=343_2021-07-02_09-15-39,0.907,0.7528,0.9062,0.7423
621,NN_tune_trainable_c0371_00902_902_seed=903_2021-07-03_13-07-57,0.921,0.7426,0.9196,0.7673
622,NN_tune_trainable_c0371_00238_238_seed=239_2021-07-02_04-09-14,0.911,0.8941,0.909,0.8967
623,NN_tune_trainable_c0371_00205_205_seed=206_2021-07-02_02-38-08,0.89,0.8769,0.8919,0.8767
624,NN_tune_trainable_c0371_00792_792_seed=793_2021-07-03_07-51-38,0.924,0.5393,0.9242,0.5523
625,NN_tune_trainable_c0371_00284_284_seed=285_2021-07-02_06-26-55,0.906,0.466,0.9053,0.5136
626,NN_tune_trainable_c0371_00946_946_seed=947_2021-07-03_15-27-12,0.917,0.6924,0.9166,0.7114
627,NN_tune_trainable_c0371_00425_425_seed=426_2021-07-02_13-37-22,0.897,0.8585,0.8982,0.8606
628,NN_tune_trainable_c0371_00412_412_seed=413_2021-07-02_12-52-02,0.918,0.4553,0.9164,0.4685
629,NN_tune_trainable_c0371_00981_981_seed=982_2021-07-03_17-09-48,0.906,0.5488,0.905,0.5699
630,NN_tune_trainable_c0371_00550_550_seed=551_2021-07-02_19-44-55,0.912,0.591,0.9133,0.5945
631,NN_tune_trainable_c0371_00501_501_seed=502_2021-07-02_17-15-34,0.903,0.8897,0.9016,0.8846
632,NN_tune_trainable_c0371_00751_751_seed=752_2021-07-03_05-45-04,0.919,0.881,0.9188,0.8734
633,NN_tune_trainable_c0371_00509_509_seed=510_2021-07-02_17-38-06,0.922,0.2665,0.9224,0.2848
634,NN_tune_trainable_c0371_00773_773_seed=774_2021-07-03_06-48-07,0.906,0.8782,0.9071,0.8825
635,NN_tune_trainable_c0371_00612_612_seed=613_2021-07-02_22-48-14,0.904,0.8776,0.9037,0.8799
636,NN_tune_trainable_c0371_00693_693_seed=694_2021-07-03_02-47-17,0.899,0.7532,0.8981,0.7862
637,NN_tune_trainable_c0371_00117_117_seed=118_2021-07-01_22-20-33,0.913,0.375,0.9137,0.389
638,NN_tune_trainable_c0371_00085_85_seed=86_2021-07-01_20-47-15,0.91,0.8901,0.9095,0.8909
639,NN_tune_trainable_c0371_00150_150_seed=151_2021-07-01_23-55-32,0.905,0.8629,0.9054,0.871
640,NN_tune_trainable_c0371_00636_636_seed=637_2021-07-03_00-01-09,0.908,0.8444,0.908,0.8441
641,NN_tune_trainable_c0371_00253_253_seed=254_2021-07-02_04-54-48,0.917,0.6507,0.9154,0.6978
642,NN_tune_trainable_c0371_00567_567_seed=568_2021-07-02_20-33-19,0.916,0.7,0.9166,0.7153
643,NN_tune_trainable_c0371_00497_497_seed=498_2021-07-02_17-12-31,0.899,0.8652,0.8986,0.8713
644,NN_tune_trainable_c0371_00853_853_seed=854_2021-07-03_10-47-16,0.906,0.8749,0.9052,0.8821
645,NN_tune_trainable_c0371_00491_491_seed=492_2021-07-02_16-48-46,0.909,0.8169,0.9087,0.8001
646,NN_tune_trainable_c0371_00978_978_seed=979_2021-07-03_17-04-29,0.913,0.7188,0.9138,0.7366
647,NN_tune_trainable_c0371_00769_769_seed=770_2021-07-03_06-40-10,0.912,0.7002,0.9118,0.7185
648,NN_tune_trainable_c0371_00359_359_seed=360_2021-07-02_10-05-05,0.916,0.6502,0.9185,0.6882
649,NN_tune_trainable_c0371_00999_999_seed=1000_2021-07-03_17-59-47,0.906,0.7824,0.9043,0.775
650,NN_tune_trainable_c0371_00536_536_seed=537_2021-07-02_19-11-38,0.912,0.4057,0.9118,0.4066
651,NN_tune_trainable_c0371_00148_148_seed=149_2021-07-01_23-54-20,0.915,0.7767,0.9157,0.7623
652,NN_tune_trainable_c0371_00777_777_seed=778_2021-07-03_07-03-46,0.914,0.6484,0.9135,0.6585
653,NN_tune_trainable_c0371_00568_568_seed=569_2021-07-02_20-45-42,0.89,0.8766,0.8891,0.8719
654,NN_tune_trainable_c0371_00382_382_seed=383_2021-07-02_11-18-00,0.919,0.5583,0.9187,0.5552
655,NN_tune_trainable_c0371_00001_1_seed=2_2021-07-01_16-59-54,0.926,0.8613,0.927,0.8678
656,NN_tune_trainable_c0371_00850_850_seed=851_2021-07-03_10-40-57,0.904,0.8258,0.9044,0.8245
657,NN_tune_trainable_c0371_00743_743_seed=744_2021-07-03_05-20-47,0.912,0.9091,0.9126,0.9083
658,NN_tune_trainable_c0371_00426_426_seed=427_2021-07-02_13-38-15,0.92,0.2029,0.9196,0.224
659,NN_tune_trainable_c0371_00947_947_seed=948_2021-07-03_15-28-47,0.904,0.8864,0.9035,0.8868
660,NN_tune_trainable_c0371_00582_582_seed=583_2021-07-02_21-20-43,0.918,0.8973,0.9196,0.8959
661,NN_tune_trainable_c0371_00898_898_seed=899_2021-07-03_13-03-22,0.918,0.8732,0.9192,0.8781
662,NN_tune_trainable_c0371_00399_399_seed=400_2021-07-02_12-07-24,0.911,0.901,0.9097,0.8972
663,NN_tune_trainable_c0371_00610_610_seed=611_2021-07-02_22-47-47,0.901,0.828,0.9008,0.8211
664,NN_tune_trainable_c0371_00518_518_seed=519_2021-07-02_18-08-49,0.905,0.7765,0.906,0.7889
665,NN_tune_trainable_c0371_00066_66_seed=67_2021-07-01_19-59-44,0.921,0.332,0.921,0.3826
666,NN_tune_trainable_c0371_00404_404_seed=405_2021-07-02_12-28-38,0.911,0.5782,0.9096,0.641
667,NN_tune_trainable_c0371_00176_176_seed=177_2021-07-02_01-23-29,0.897,0.8932,0.8975,0.8905
668,NN_tune_trainable_c0371_00351_351_seed=352_2021-07-02_09-41-27,0.892,0.8313,0.8938,0.8297
669,NN_tune_trainable_c0371_00955_955_seed=956_2021-07-03_15-53-35,0.919,0.7683,0.9173,0.794
670,NN_tune_trainable_c0371_00849_849_seed=850_2021-07-03_10-39-54,0.917,0.7215,0.9174,0.7292
671,NN_tune_trainable_c0371_00348_348_seed=349_2021-07-02_09-37-04,0.918,0.8609,0.918,0.8605
672,NN_tune_trainable_c0371_00223_223_seed=224_2021-07-02_03-25-17,0.917,0.6985,0.9173,0.7088
673,NN_tune_trainable_c0371_00157_157_seed=158_2021-07-02_00-18-50,0.905,0.8178,0.9067,0.8147
674,NN_tune_trainable_c0371_00340_340_seed=341_2021-07-02_09-12-27,0.898,0.8853,0.8993,0.8849
675,NN_tune_trainable_c0371_00295_295_seed=296_2021-07-02_06-51-43,0.916,0.2842,0.9151,0.307
676,NN_tune_trainable_c0371_00298_298_seed=299_2021-07-02_07-12-50,0.927,0.8415,0.927,0.8499
677,NN_tune_trainable_c0371_00011_11_seed=12_2021-07-01_17-21-17,0.924,0.7277,0.9251,0.7124
678,NN_tune_trainable_c0371_00564_564_seed=565_2021-07-02_20-24-49,0.905,0.8674,0.9025,0.8706
679,NN_tune_trainable_c0371_00765_765_seed=766_2021-07-03_06-23-53,0.913,0.7475,0.915,0.7793
680,NN_tune_trainable_c0371_00228_228_seed=229_2021-07-02_03-44-42,0.92,0.3506,0.9225,0.3481
681,NN_tune_trainable_c0371_00369_369_seed=370_2021-07-02_10-46-50,0.908,0.4333,0.9085,0.4548
682,NN_tune_trainable_c0371_00920_920_seed=921_2021-07-03_14-12-50,0.915,0.583,0.9144,0.6092
683,NN_tune_trainable_c0371_00753_753_seed=754_2021-07-03_05-52-55,0.898,0.2292,0.8953,0.2639
684,NN_tune_trainable_c0371_00056_56_seed=57_2021-07-01_19-36-16,0.913,0.4351,0.9142,0.4306
685,NN_tune_trainable_c0371_00705_705_seed=706_2021-07-03_03-29-15,0.908,0.6566,0.9066,0.6734
686,NN_tune_trainable_c0371_00279_279_seed=280_2021-07-02_06-05-44,0.907,0.8961,0.9061,0.8979
687,NN_tune_trainable_c0371_00151_151_seed=152_2021-07-01_23-55-38,0.899,0.8798,0.9001,0.8803
688,NN_tune_trainable_c0371_00801_801_seed=802_2021-07-03_08-15-38,0.904,0.8708,0.9054,0.8682
689,NN_tune_trainable_c0371_00060_60_seed=61_2021-07-01_19-38-27,0.892,0.8615,0.8914,0.8626
690,NN_tune_trainable_c0371_00035_35_seed=36_2021-07-01_18-29-28,0.913,0.7019,0.9137,0.7153
691,NN_tune_trainable_c0371_00807_807_seed=808_2021-07-03_08-34-11,0.915,0.3683,0.9152,0.3707
692,NN_tune_trainable_c0371_00490_490_seed=491_2021-07-02_16-48-46,0.907,0.8984,0.9098,0.8994
693,NN_tune_trainable_c0371_00917_917_seed=918_2021-07-03_13-56-12,0.923,0.8197,0.924,0.8089
694,NN_tune_trainable_c0371_00133_133_seed=134_2021-07-01_23-08-07,0.907,0.7449,0.9099,0.7647
695,NN_tune_trainable_c0371_00184_184_seed=185_2021-07-02_01-46-40,0.899,0.8688,0.8999,0.8621
696,NN_tune_trainable_c0371_00581_581_seed=582_2021-07-02_21-14-04,0.912,0.8995,0.9116,0.8966
697,NN_tune_trainable_c0371_00471_471_seed=472_2021-07-02_15-43-38,0.91,0.5648,0.9078,0.592
698,NN_tune_trainable_c0371_00760_760_seed=761_2021-07-03_06-14-57,0.905,0.8978,0.9044,0.8918
699,NN_tune_trainable_c0371_00484_484_seed=485_2021-07-02_16-26-11,0.924,0.4754,0.9243,0.5166
700,NN_tune_trainable_c0371_00786_786_seed=787_2021-07-03_07-31-13,0.904,0.7902,0.9042,0.788
701,NN_tune_trainable_c0371_00869_869_seed=870_2021-07-03_11-34-53,0.91,0.8039,0.9088,0.8185
702,NN_tune_trainable_c0371_00662_662_seed=663_2021-07-03_01-18-14,0.9,0.889,0.9005,0.8882
703,NN_tune_trainable_c0371_00747_747_seed=748_2021-07-03_05-33-54,0.908,0.7308,0.9059,0.7255
704,NN_tune_trainable_c0371_00618_618_seed=619_2021-07-02_23-11-38,0.901,0.8887,0.9005,0.8867
705,NN_tune_trainable_c0371_00724_724_seed=725_2021-07-03_04-22-35,0.914,0.6594,0.9132,0.6515
706,NN_tune_trainable_c0371_00899_899_seed=900_2021-07-03_13-03-40,0.882,0.8552,0.8839,0.8539
707,NN_tune_trainable_c0371_00300_300_seed=301_2021-07-02_07-13-25,0.913,0.366,0.9137,0.3983
708,NN_tune_trainable_c0371_00830_830_seed=831_2021-07-03_09-39-00,0.91,0.7785,0.9102,0.8014
709,NN_tune_trainable_c0371_00196_196_seed=197_2021-07-02_02-14-40,0.899,0.8523,0.8998,0.8666
710,NN_tune_trainable_c0371_00835_835_seed=836_2021-07-03_09-55-45,0.896,0.8828,0.8976,0.8789
711,NN_tune_trainable_c0371_00202_202_seed=203_2021-07-02_02-34-53,0.909,0.6831,0.9078,0.6777
712,NN_tune_trainable_c0371_00114_114_seed=115_2021-07-01_22-19-07,0.923,0.49,0.9236,0.4955
713,NN_tune_trainable_c0371_00659_659_seed=660_2021-07-03_01-11-13,0.905,0.8745,0.9085,0.8749
714,NN_tune_trainable_c0371_00524_524_seed=525_2021-07-02_18-26-52,0.886,0.8593,0.8847,0.8554
715,NN_tune_trainable_c0371_00534_534_seed=535_2021-07-02_18-57-30,0.91,0.8302,0.9088,0.8249
716,NN_tune_trainable_c0371_00572_572_seed=573_2021-07-02_20-48-41,0.911,0.365,0.9116,0.3747
717,NN_tune_trainable_c0371_00143_143_seed=144_2021-07-01_23-33-20,0.918,0.5466,0.9176,0.5562
718,NN_tune_trainable_c0371_00855_855_seed=856_2021-07-03_10-58-37,0.918,0.8754,0.9186,0.877
719,NN_tune_trainable_c0371_00596_596_seed=597_2021-07-02_22-00-21,0.898,0.8717,0.8951,0.8637
720,NN_tune_trainable_c0371_00366_366_seed=367_2021-07-02_10-28-08,0.912,0.5152,0.9103,0.5133
721,NN_tune_trainable_c0371_00532_532_seed=533_2021-07-02_18-50-13,0.907,0.8802,0.9028,0.877
722,NN_tune_trainable_c0371_00331_331_seed=332_2021-07-02_08-47-37,0.902,0.6656,0.9035,0.6768
723,NN_tune_trainable_c0371_00345_345_seed=346_2021-07-02_09-35-33,0.902,0.8772,0.9029,0.8697
724,NN_tune_trainable_c0371_00140_140_seed=141_2021-07-01_23-30-57,0.905,0.8549,0.9063,0.8493
725,NN_tune_trainable_c0371_00711_711_seed=712_2021-07-03_03-43-48,0.928,0.5011,0.9268,0.5115
726,NN_tune_trainable_c0371_00020_20_seed=21_2021-07-01_17-43-45,0.908,0.8735,0.9097,0.878
727,NN_tune_trainable_c0371_00415_415_seed=416_2021-07-02_12-55-58,0.904,0.2959,0.9038,0.3004
728,NN_tune_trainable_c0371_00954_954_seed=955_2021-07-03_15-51-58,0.897,0.8789,0.8975,0.8784
729,NN_tune_trainable_c0371_00427_427_seed=428_2021-07-02_13-38-21,0.894,0.8473,0.8939,0.8609
730,NN_tune_trainable_c0371_00498_498_seed=499_2021-07-02_17-12-31,0.901,0.6902,0.9004,0.6858
731,NN_tune_trainable_c0371_00444_444_seed=445_2021-07-02_14-27-18,0.911,0.7835,0.912,0.8019
732,NN_tune_trainable_c0371_00569_569_seed=570_2021-07-02_20-46-17,0.913,0.8877,0.914,0.8899
733,NN_tune_trainable_c0371_00362_362_seed=363_2021-07-02_10-25-16,0.929,0.4834,0.9312,0.5299
734,NN_tune_trainable_c0371_00036_36_seed=37_2021-07-01_18-29-47,0.906,0.8584,0.9046,0.8654
735,NN_tune_trainable_c0371_00475_475_seed=476_2021-07-02_16-00-38,0.915,0.3765,0.9145,0.3682
736,NN_tune_trainable_c0371_00916_916_seed=917_2021-07-03_13-55-21,0.913,0.5444,0.9134,0.5444
737,NN_tune_trainable_c0371_00182_182_seed=183_2021-07-02_01-29-29,0.913,0.8969,0.9151,0.8967
738,NN_tune_trainable_c0371_00122_122_seed=123_2021-07-01_22-42-27,0.904,0.3558,0.905,0.3556
739,NN_tune_trainable_c0371_00118_118_seed=119_2021-07-01_22-20-33,0.902,0.8966,0.8984,0.8927
740,NN_tune_trainable_c0371_00588_588_seed=589_2021-07-02_21-36-20,0.903,0.8552,0.904,0.8606
741,NN_tune_trainable_c0371_00615_615_seed=616_2021-07-02_22-57-00,0.917,0.3301,0.9177,0.3409
742,NN_tune_trainable_c0371_00993_993_seed=994_2021-07-03_17-49-32,0.912,0.3136,0.9133,0.3239
743,NN_tune_trainable_c0371_00127_127_seed=128_2021-07-01_22-45-47,0.921,0.3818,0.9203,0.3994
744,NN_tune_trainable_c0371_00204_204_seed=205_2021-07-02_02-37-42,0.893,0.8491,0.8927,0.8628
745,NN_tune_trainable_c0371_00499_499_seed=500_2021-07-02_17-12-37,0.914,0.8848,0.9137,0.8914
746,NN_tune_trainable_c0371_00616_616_seed=617_2021-07-02_23-08-10,0.9,0.8867,0.8992,0.8854
747,NN_tune_trainable_c0371_00285_285_seed=286_2021-07-02_06-27-07,0.916,0.5985,0.9176,0.6021
748,NN_tune_trainable_c0371_00818_818_seed=819_2021-07-03_09-05-18,0.921,0.8085,0.921,0.802
749,NN_tune_trainable_c0371_00457_457_seed=458_2021-07-02_15-13-19,0.906,0.6645,0.9042,0.6852
750,NN_tune_trainable_c0371_00846_846_seed=847_2021-07-03_10-26-23,0.915,0.5334,0.914,0.5283
751,NN_tune_trainable_c0371_00130_130_seed=131_2021-07-01_23-05-29,0.928,0.3765,0.9255,0.3626
752,NN_tune_trainable_c0371_00839_839_seed=840_2021-07-03_10-10-28,0.91,0.8883,0.909,0.885
753,NN_tune_trainable_c0371_00436_436_seed=437_2021-07-02_14-03-01,0.899,0.8649,0.9008,0.8689
754,NN_tune_trainable_c0371_00138_138_seed=139_2021-07-01_23-28-23,0.903,0.8362,0.9024,0.8354
755,NN_tune_trainable_c0371_00783_783_seed=784_2021-07-03_07-22-06,0.893,0.8787,0.8929,0.8746
756,NN_tune_trainable_c0371_00983_983_seed=984_2021-07-03_17-19-07,0.906,0.8319,0.9053,0.8283
757,NN_tune_trainable_c0371_00531_531_seed=532_2021-07-02_18-50-13,0.918,0.1893,0.9174,0.195
758,NN_tune_trainable_c0371_00785_785_seed=786_2021-07-03_07-27-38,0.922,0.8082,0.9202,0.8272
759,NN_tune_trainable_c0371_00308_308_seed=309_2021-07-02_07-36-47,0.907,0.8235,0.9075,0.8384
760,NN_tune_trainable_c0371_00868_868_seed=869_2021-07-03_11-31-59,0.922,0.417,0.9245,0.4259
761,NN_tune_trainable_c0371_00603_603_seed=604_2021-07-02_22-24-09,0.918,0.8251,0.9184,0.8205
762,NN_tune_trainable_c0371_00537_537_seed=538_2021-07-02_19-12-12,0.913,0.3567,0.9129,0.3857
763,NN_tune_trainable_c0371_00838_838_seed=839_2021-07-03_10-03-00,0.917,0.5359,0.9193,0.5307
764,NN_tune_trainable_c0371_00919_919_seed=920_2021-07-03_14-05-31,0.906,0.5831,0.9079,0.6221
765,NN_tune_trainable_c0371_00670_670_seed=671_2021-07-03_01-40-54,0.923,0.8346,0.9217,0.8224
766,NN_tune_trainable_c0371_00937_937_seed=938_2021-07-03_15-01-25,0.904,0.7825,0.905,0.7894
767,NN_tune_trainable_c0371_00004_4_seed=5_2021-07-01_16-59-54,0.922,0.1144,0.9237,0.1119
768,NN_tune_trainable_c0371_00607_607_seed=608_2021-07-02_22-33-07,0.888,0.8709,0.8849,0.8688
769,NN_tune_trainable_c0371_00726_726_seed=727_2021-07-03_04-26-55,0.918,0.8048,0.9172,0.8065
770,NN_tune_trainable_c0371_00725_725_seed=726_2021-07-03_04-22-55,0.916,0.4796,0.9157,0.5202
771,NN_tune_trainable_c0371_00713_713_seed=714_2021-07-03_03-53-28,0.91,0.8841,0.9092,0.8902
772,NN_tune_trainable_c0371_00327_327_seed=328_2021-07-02_08-27-26,0.913,0.8055,0.913,0.8108
773,NN_tune_trainable_c0371_00449_449_seed=450_2021-07-02_14-49-57,0.894,0.7496,0.8922,0.777
774,NN_tune_trainable_c0371_00051_51_seed=52_2021-07-01_19-15-12,0.923,0.6226,0.9214,0.6462
775,NN_tune_trainable_c0371_00510_510_seed=511_2021-07-02_17-43-49,0.893,0.8616,0.8928,0.8624
776,NN_tune_trainable_c0371_00927_927_seed=928_2021-07-03_14-29-27,0.924,0.4533,0.9223,0.4579
777,NN_tune_trainable_c0371_00106_106_seed=107_2021-07-01_21-55-33,0.913,0.2765,0.9127,0.2818
778,NN_tune_trainable_c0371_00495_495_seed=496_2021-07-02_16-55-51,0.901,0.8656,0.9,0.8659
779,NN_tune_trainable_c0371_00932_932_seed=933_2021-07-03_14-43-18,0.904,0.8726,0.904,0.8753
780,NN_tune_trainable_c0371_00821_821_seed=822_2021-07-03_09-11-44,0.906,0.8034,0.9053,0.782
781,NN_tune_trainable_c0371_00237_237_seed=238_2021-07-02_04-09-14,0.911,0.862,0.9115,0.871
782,NN_tune_trainable_c0371_00266_266_seed=267_2021-07-02_05-39-14,0.907,0.6659,0.907,0.6586
783,NN_tune_trainable_c0371_00297_297_seed=298_2021-07-02_07-10-39,0.914,0.817,0.9147,0.835
784,NN_tune_trainable_c0371_00689_689_seed=690_2021-07-03_02-42-23,0.902,0.8334,0.9026,0.8395
785,NN_tune_trainable_c0371_00139_139_seed=140_2021-07-01_23-29-53,0.911,0.7364,0.9127,0.7367
786,NN_tune_trainable_c0371_00690_690_seed=691_2021-07-03_02-45-19,0.914,0.8057,0.9128,0.8179
787,NN_tune_trainable_c0371_00337_337_seed=338_2021-07-02_09-10-42,0.891,0.8525,0.8904,0.8515
788,NN_tune_trainable_c0371_00924_924_seed=925_2021-07-03_14-19-23,0.915,0.2952,0.9145,0.3287
789,NN_tune_trainable_c0371_00851_851_seed=852_2021-07-03_10-43-54,0.922,0.5956,0.9215,0.6099
790,NN_tune_trainable_c0371_00758_758_seed=759_2021-07-03_06-03-11,0.918,0.7569,0.9185,0.7545
791,NN_tune_trainable_c0371_00594_594_seed=595_2021-07-02_21-59-48,0.911,0.807,0.9085,0.8111
792,NN_tune_trainable_c0371_00829_829_seed=830_2021-07-03_09-35-55,0.908,0.5994,0.9075,0.6145
793,NN_tune_trainable_c0371_00530_530_seed=531_2021-07-02_18-49-33,0.916,0.9,0.9164,0.9025
794,NN_tune_trainable_c0371_00733_733_seed=734_2021-07-03_04-47-21,0.906,0.811,0.9044,0.8102
795,NN_tune_trainable_c0371_00828_828_seed=829_2021-07-03_09-32-56,0.896,0.8347,0.8937,0.8336
796,NN_tune_trainable_c0371_00589_589_seed=590_2021-07-02_21-36-20,0.889,0.8587,0.8866,0.8489
797,NN_tune_trainable_c0371_00935_935_seed=936_2021-07-03_14-52-55,0.912,0.8659,0.91,0.8641
798,NN_tune_trainable_c0371_00540_540_seed=541_2021-07-02_19-14-19,0.894,0.8897,0.8954,0.8863
799,NN_tune_trainable_c0371_00888_888_seed=889_2021-07-03_12-36-38,0.907,0.617,0.9062,0.6148
800,NN_tune_trainable_c0371_00764_764_seed=765_2021-07-03_06-21-50,0.905,0.8378,0.9053,0.8383
801,NN_tune_trainable_c0371_00492_492_seed=493_2021-07-02_16-50-02,0.909,0.8926,0.9089,0.8907
802,NN_tune_trainable_c0371_00000_0_seed=1_2021-07-01_16-59-53,0.915,0.8794,0.914,0.8885
803,NN_tune_trainable_c0371_00360_360_seed=361_2021-07-02_10-22-08,0.926,0.2978,0.9243,0.3174
804,NN_tune_trainable_c0371_00533_533_seed=534_2021-07-02_18-50-48,0.897,0.8779,0.8958,0.8745
805,NN_tune_trainable_c0371_00149_149_seed=150_2021-07-01_23-55-16,0.913,0.7014,0.9137,0.7137
806,NN_tune_trainable_c0371_00784_784_seed=785_2021-07-03_07-27-38,0.901,0.8853,0.8985,0.8817
807,NN_tune_trainable_c0371_00637_637_seed=638_2021-07-03_00-01-59,0.896,0.8718,0.8963,0.8687
808,NN_tune_trainable_c0371_00080_80_seed=81_2021-07-01_20-43-14,0.899,0.5136,0.9026,0.5504
809,NN_tune_trainable_c0371_00633_633_seed=634_2021-07-02_23-56-55,0.909,0.7574,0.9107,0.7583
810,NN_tune_trainable_c0371_00098_98_seed=99_2021-07-01_21-32-47,0.922,0.8957,0.9201,0.8941
811,NN_tune_trainable_c0371_00671_671_seed=672_2021-07-03_01-46-18,0.906,0.8831,0.904,0.8826
812,NN_tune_trainable_c0371_00013_13_seed=14_2021-07-01_17-22-22,0.916,0.8644,0.917,0.8547
813,NN_tune_trainable_c0371_00316_316_seed=317_2021-07-02_08-00-51,0.921,0.599,0.9206,0.5879
814,NN_tune_trainable_c0371_00058_58_seed=59_2021-07-01_19-37-22,0.905,0.8336,0.9062,0.84
815,NN_tune_trainable_c0371_00861_861_seed=862_2021-07-03_11-11-10,0.916,0.7837,0.9156,0.8022
816,NN_tune_trainable_c0371_00288_288_seed=289_2021-07-02_06-45-44,0.914,0.8963,0.9133,0.8935
817,NN_tune_trainable_c0371_00472_472_seed=473_2021-07-02_15-59-50,0.923,0.498,0.923,0.5057
818,NN_tune_trainable_c0371_00836_836_seed=837_2021-07-03_09-56-48,0.897,0.8754,0.8978,0.8777
819,NN_tune_trainable_c0371_00884_884_seed=885_2021-07-03_12-19-23,0.931,0.5264,0.9326,0.5203
820,NN_tune_trainable_c0371_00547_547_seed=548_2021-07-02_19-37-59,0.909,0.7452,0.909,0.7542
821,NN_tune_trainable_c0371_00840_840_seed=841_2021-07-03_10-15-06,0.901,0.8606,0.8996,0.8647
822,NN_tune_trainable_c0371_00863_863_seed=864_2021-07-03_11-21-34,0.905,0.8928,0.9084,0.8947
823,NN_tune_trainable_c0371_00370_370_seed=371_2021-07-02_10-49-54,0.893,0.7928,0.8921,0.8032
824,NN_tune_trainable_c0371_00827_827_seed=828_2021-07-03_09-31-55,0.903,0.659,0.9012,0.6782
825,NN_tune_trainable_c0371_00522_522_seed=523_2021-07-02_18-26-39,0.905,0.3681,0.902,0.3753
826,NN_tune_trainable_c0371_00555_555_seed=556_2021-07-02_20-00-51,0.911,0.4037,0.9103,0.449
827,NN_tune_trainable_c0371_00987_987_seed=988_2021-07-03_17-27-56,0.905,0.8311,0.9039,0.8435
828,NN_tune_trainable_c0371_00268_268_seed=269_2021-07-02_05-40-46,0.918,0.7397,0.9181,0.745
829,NN_tune_trainable_c0371_00722_722_seed=723_2021-07-03_04-20-53,0.894,0.8286,0.8949,0.8376
830,NN_tune_trainable_c0371_00512_512_seed=513_2021-07-02_17-59-36,0.912,0.8682,0.9128,0.8719
831,NN_tune_trainable_c0371_00172_172_seed=173_2021-07-02_01-04-44,0.909,0.886,0.9082,0.8869
832,NN_tune_trainable_c0371_00026_26_seed=27_2021-07-01_18-06-15,0.905,0.815,0.904,0.8301
833,NN_tune_trainable_c0371_00169_169_seed=170_2021-07-02_01-00-38,0.898,0.8531,0.898,0.8486
834,NN_tune_trainable_c0371_00405_405_seed=406_2021-07-02_12-29-25,0.935,0.5277,0.9349,0.5314
835,NN_tune_trainable_c0371_00067_67_seed=68_2021-07-01_20-00-37,0.914,0.6916,0.9141,0.718
836,NN_tune_trainable_c0371_00416_416_seed=417_2021-07-02_13-11-39,0.913,0.6931,0.9125,0.7009
837,NN_tune_trainable_c0371_00951_951_seed=952_2021-07-03_15-42-05,0.901,0.4447,0.9006,0.4516
838,NN_tune_trainable_c0371_00701_701_seed=702_2021-07-03_03-11-14,0.907,0.8662,0.9058,0.8692
839,NN_tune_trainable_c0371_00929_929_seed=930_2021-07-03_14-37-00,0.907,0.7609,0.9072,0.7651
840,NN_tune_trainable_c0371_00766_766_seed=767_2021-07-03_06-27-33,0.932,0.3206,0.9316,0.3246
841,NN_tune_trainable_c0371_00626_626_seed=627_2021-07-02_23-35-48,0.908,0.8536,0.9067,0.8513
842,NN_tune_trainable_c0371_00508_508_seed=509_2021-07-02_17-37-55,0.906,0.4971,0.9058,0.5125
843,NN_tune_trainable_c0371_00695_695_seed=696_2021-07-03_02-56-01,0.903,0.8871,0.9035,0.8859
844,NN_tune_trainable_c0371_00468_468_seed=469_2021-07-02_15-38-38,0.905,0.7461,0.9052,0.7544
845,NN_tune_trainable_c0371_00803_803_seed=804_2021-07-03_08-19-40,0.908,0.8536,0.9071,0.8564
846,NN_tune_trainable_c0371_00082_82_seed=83_2021-07-01_20-45-46,0.921,0.3939,0.922,0.4053
847,NN_tune_trainable_c0371_00027_27_seed=28_2021-07-01_18-06-15,0.913,0.4617,0.9151,0.4889
848,NN_tune_trainable_c0371_00732_732_seed=733_2021-07-03_04-45-58,0.925,0.678,0.9224,0.692
849,NN_tune_trainable_c0371_00634_634_seed=635_2021-07-02_23-59-56,0.893,0.8851,0.8934,0.8832
850,NN_tune_trainable_c0371_00528_528_seed=529_2021-07-02_18-48-13,0.927,0.4259,0.9275,0.4303
851,NN_tune_trainable_c0371_00474_474_seed=475_2021-07-02_16-00-38,0.911,0.877,0.9065,0.8813
852,NN_tune_trainable_c0371_00459_459_seed=460_2021-07-02_15-13-54,0.918,0.9027,0.9176,0.9014
853,NN_tune_trainable_c0371_00562_562_seed=563_2021-07-02_20-24-10,0.9,0.8724,0.8992,0.8744
854,NN_tune_trainable_c0371_00030_30_seed=31_2021-07-01_18-07-27,0.905,0.8627,0.9036,0.8672
855,NN_tune_trainable_c0371_00811_811_seed=812_2021-07-03_08-44-03,0.91,0.7746,0.911,0.7948
856,NN_tune_trainable_c0371_00364_364_seed=365_2021-07-02_10-26-22,0.917,0.5869,0.9172,0.599
857,NN_tune_trainable_c0371_00885_885_seed=886_2021-07-03_12-21-40,0.917,0.6573,0.9175,0.6585
858,NN_tune_trainable_c0371_00548_548_seed=549_2021-07-02_19-38-07,0.911,0.8827,0.9113,0.8821
859,NN_tune_trainable_c0371_00820_820_seed=821_2021-07-03_09-08-51,0.885,0.8624,0.8808,0.8569
860,NN_tune_trainable_c0371_00721_721_seed=722_2021-07-03_04-16-35,0.912,0.8383,0.9123,0.8454
861,NN_tune_trainable_c0371_00010_10_seed=11_2021-07-01_17-21-05,0.903,0.679,0.9048,0.6468
862,NN_tune_trainable_c0371_00526_526_seed=527_2021-07-02_18-33-25,0.894,0.8562,0.8943,0.8558
863,NN_tune_trainable_c0371_00752_752_seed=753_2021-07-03_05-51-52,0.912,0.9016,0.9112,0.8969
864,NN_tune_trainable_c0371_00269_269_seed=270_2021-07-02_05-40-52,0.902,0.8725,0.9028,0.8731
865,NN_tune_trainable_c0371_00240_240_seed=241_2021-07-02_04-27-30,0.908,0.845,0.9088,0.8368
866,NN_tune_trainable_c0371_00236_236_seed=237_2021-07-02_04-08-02,0.917,0.7176,0.9161,0.732
867,NN_tune_trainable_c0371_00679_679_seed=680_2021-07-03_02-08-58,0.905,0.8964,0.9065,0.8919
868,NN_tune_trainable_c0371_00046_46_seed=47_2021-07-01_18-52-47,0.896,0.8891,0.8947,0.89
869,NN_tune_trainable_c0371_00939_939_seed=940_2021-07-03_15-04-25,0.908,0.6129,0.9043,0.6158
870,NN_tune_trainable_c0371_00270_270_seed=271_2021-07-02_05-41-59,0.917,0.9079,0.916,0.9085
871,NN_tune_trainable_c0371_00454_454_seed=455_2021-07-02_14-54-26,0.923,0.5501,0.9237,0.5464
872,NN_tune_trainable_c0371_00696_696_seed=697_2021-07-03_03-02-19,0.903,0.7639,0.9039,0.7859
873,NN_tune_trainable_c0371_00185_185_seed=186_2021-07-02_01-47-27,0.893,0.8816,0.8937,0.8812
874,NN_tune_trainable_c0371_00969_969_seed=970_2021-07-03_16-37-53,0.915,0.8414,0.9164,0.8491
875,NN_tune_trainable_c0371_00400_400_seed=401_2021-07-02_12-24-19,0.913,0.4649,0.9144,0.4779
876,NN_tune_trainable_c0371_00817_817_seed=818_2021-07-03_09-04-02,0.911,0.8788,0.9117,0.8836
877,NN_tune_trainable_c0371_00294_294_seed=295_2021-07-02_06-50-59,0.911,0.7239,0.9118,0.7338
878,NN_tune_trainable_c0371_00081_81_seed=82_2021-07-01_20-45-12,0.911,0.7705,0.9115,0.7413
879,NN_tune_trainable_c0371_00072_72_seed=73_2021-07-01_20-19-58,0.913,0.6442,0.9114,0.6557
880,NN_tune_trainable_c0371_00481_481_seed=482_2021-07-02_16-24-09,0.912,0.6015,0.9123,0.6402
881,NN_tune_trainable_c0371_00862_862_seed=863_2021-07-03_11-14-04,0.895,0.7254,0.893,0.7532
882,NN_tune_trainable_c0371_00246_246_seed=247_2021-07-02_04-32-36,0.92,0.7851,0.919,0.8036
883,NN_tune_trainable_c0371_00685_685_seed=686_2021-07-03_02-23-25,0.898,0.8429,0.8971,0.8436
884,NN_tune_trainable_c0371_00397_397_seed=398_2021-07-02_12-05-31,0.91,0.844,0.9118,0.8502
885,NN_tune_trainable_c0371_00145_145_seed=146_2021-07-01_23-50-58,0.907,0.8107,0.9031,0.8175
886,NN_tune_trainable_c0371_00953_953_seed=954_2021-07-03_15-48-56,0.901,0.8212,0.903,0.8243
887,NN_tune_trainable_c0371_00053_53_seed=54_2021-07-01_19-15-30,0.922,0.223,0.9208,0.257
888,NN_tune_trainable_c0371_00334_334_seed=335_2021-07-02_08-50-28,0.913,0.6176,0.9116,0.6538
889,NN_tune_trainable_c0371_00347_347_seed=348_2021-07-02_09-37-03,0.915,0.7451,0.9148,0.7534
890,NN_tune_trainable_c0371_00043_43_seed=44_2021-07-01_18-52-13,0.909,0.8881,0.9059,0.8808
891,NN_tune_trainable_c0371_00585_585_seed=586_2021-07-02_21-32-32,0.911,0.8914,0.9108,0.8866
892,NN_tune_trainable_c0371_00247_247_seed=248_2021-07-02_04-33-49,0.92,0.8728,0.9177,0.8716
893,NN_tune_trainable_c0371_00988_988_seed=989_2021-07-03_17-29-29,0.914,0.7229,0.9128,0.7193
894,NN_tune_trainable_c0371_00439_439_seed=440_2021-07-02_14-07-31,0.901,0.8928,0.9024,0.8875
895,NN_tune_trainable_c0371_00183_183_seed=184_2021-07-02_01-29-34,0.906,0.8599,0.9055,0.8637
896,NN_tune_trainable_c0371_00959_959_seed=960_2021-07-03_16-06-20,0.922,0.7124,0.9231,0.7295
897,NN_tune_trainable_c0371_00052_52_seed=53_2021-07-01_19-15-22,0.901,0.8356,0.8992,0.837
898,NN_tune_trainable_c0371_00780_780_seed=781_2021-07-03_07-10-10,0.912,0.8786,0.9091,0.8779
899,NN_tune_trainable_c0371_00115_115_seed=116_2021-07-01_22-19-41,0.911,0.6801,0.9104,0.6745
900,NN_tune_trainable_c0371_00015_15_seed=16_2021-07-01_17-22-28,0.917,0.9054,0.9162,0.9065
901,NN_tune_trainable_c0371_00697_697_seed=698_2021-07-03_03-05-18,0.909,0.8882,0.9091,0.8915
902,NN_tune_trainable_c0371_00234_234_seed=235_2021-07-02_04-06-42,0.908,0.8213,0.9065,0.8153
903,NN_tune_trainable_c0371_00661_661_seed=662_2021-07-03_01-12-24,0.906,0.8836,0.9031,0.8864
904,NN_tune_trainable_c0371_00782_782_seed=783_2021-07-03_07-15-10,0.916,0.3411,0.9159,0.3589
905,NN_tune_trainable_c0371_00985_985_seed=986_2021-07-03_17-25-06,0.894,0.8443,0.8943,0.8436
906,NN_tune_trainable_c0371_00557_557_seed=558_2021-07-02_20-02-01,0.919,0.7562,0.9189,0.7694
907,NN_tune_trainable_c0371_00875_875_seed=876_2021-07-03_11-54-01,0.911,0.8462,0.9106,0.8429
908,NN_tune_trainable_c0371_00579_579_seed=580_2021-07-02_21-12-05,0.909,0.8772,0.9101,0.8766
909,NN_tune_trainable_c0371_00380_380_seed=381_2021-07-02_11-15-57,0.89,0.8757,0.8892,0.873
910,NN_tune_trainable_c0371_00040_40_seed=41_2021-07-01_18-50-12,0.905,0.7897,0.9047,0.8019
911,NN_tune_trainable_c0371_00642_642_seed=643_2021-07-03_00-22-47,0.9,0.8487,0.9016,0.8427
912,NN_tune_trainable_c0371_00704_704_seed=705_2021-07-03_03-26-25,0.914,0.8886,0.9149,0.8913
913,NN_tune_trainable_c0371_00456_456_seed=457_2021-07-02_15-11-54,0.908,0.7941,0.9068,0.8099
914,NN_tune_trainable_c0371_00870_870_seed=871_2021-07-03_11-36-21,0.899,0.7798,0.8992,0.7961
915,NN_tune_trainable_c0371_00171_171_seed=172_2021-07-02_01-02-01,0.901,0.6283,0.9017,0.641
916,NN_tune_trainable_c0371_00857_857_seed=858_2021-07-03_11-03-55,0.909,0.8712,0.9108,0.8713
917,NN_tune_trainable_c0371_00131_131_seed=132_2021-07-01_23-06-30,0.907,0.7534,0.906,0.7593
918,NN_tune_trainable_c0371_00629_629_seed=630_2021-07-02_23-37-57,0.901,0.8374,0.8991,0.8367
919,NN_tune_trainable_c0371_00428_428_seed=429_2021-07-02_13-38-55,0.912,0.8019,0.9113,0.8042
920,NN_tune_trainable_c0371_00272_272_seed=273_2021-07-02_05-58-56,0.925,0.6934,0.9263,0.6994
921,NN_tune_trainable_c0371_00742_742_seed=743_2021-07-03_05-14-58,0.906,0.7569,0.9062,0.773
922,NN_tune_trainable_c0371_00167_167_seed=168_2021-07-02_00-42-39,0.909,0.8904,0.9086,0.8907
923,NN_tune_trainable_c0371_00810_810_seed=811_2021-07-03_08-42-26,0.904,0.8358,0.9068,0.8374
924,NN_tune_trainable_c0371_00503_503_seed=504_2021-07-02_17-18-41,0.921,0.8205,0.921,0.8192
925,NN_tune_trainable_c0371_00543_543_seed=544_2021-07-02_19-21-34,0.891,0.8847,0.8912,0.8826
926,NN_tune_trainable_c0371_00232_232_seed=233_2021-07-02_04-05-20,0.9,0.8938,0.9008,0.8899
927,NN_tune_trainable_c0371_00394_394_seed=395_2021-07-02_12-03-50,0.899,0.7628,0.9009,0.7789
928,NN_tune_trainable_c0371_00147_147_seed=148_2021-07-01_23-52-24,0.915,0.8239,0.9166,0.8404
929,NN_tune_trainable_c0371_00770_770_seed=771_2021-07-03_06-43-34,0.901,0.8605,0.9016,0.863
930,NN_tune_trainable_c0371_00876_876_seed=877_2021-07-03_11-55-40,0.919,0.858,0.9182,0.8617
931,NN_tune_trainable_c0371_00965_965_seed=966_2021-07-03_16-21-42,0.909,0.7641,0.9068,0.7607
932,NN_tune_trainable_c0371_00012_12_seed=13_2021-07-01_17-22-16,0.912,0.7757,0.9123,0.7775
933,NN_tune_trainable_c0371_00047_47_seed=48_2021-07-01_18-53-02,0.91,0.658,0.908,0.6638
934,NN_tune_trainable_c0371_00622_622_seed=623_2021-07-02_23-19-29,0.907,0.8791,0.9086,0.877
935,NN_tune_trainable_c0371_00293_293_seed=294_2021-07-02_06-50-48,0.916,0.6527,0.9173,0.657
936,NN_tune_trainable_c0371_00389_389_seed=390_2021-07-02_11-40-46,0.916,0.2073,0.916,0.2384
937,NN_tune_trainable_c0371_00587_587_seed=588_2021-07-02_21-35-53,0.893,0.8133,0.8917,0.8163
938,NN_tune_trainable_c0371_00088_88_seed=89_2021-07-01_21-06-42,0.899,0.8378,0.9002,0.8416
939,NN_tune_trainable_c0371_00273_273_seed=274_2021-07-02_06-01-52,0.907,0.8187,0.9071,0.8433
940,NN_tune_trainable_c0371_00393_393_seed=394_2021-07-02_12-01-28,0.909,0.8638,0.9098,0.8709
941,NN_tune_trainable_c0371_00213_213_seed=214_2021-07-02_03-01-30,0.908,0.2875,0.9083,0.3098
942,NN_tune_trainable_c0371_00188_188_seed=189_2021-07-02_01-51-52,0.9,0.6993,0.9026,0.7286
943,NN_tune_trainable_c0371_00248_248_seed=249_2021-07-02_04-50-34,0.896,0.8926,0.8962,0.8905
944,NN_tune_trainable_c0371_00357_357_seed=358_2021-07-02_10-02-26,0.898,0.8482,0.8967,0.8521
945,NN_tune_trainable_c0371_00910_910_seed=911_2021-07-03_13-31-44,0.903,0.5926,0.9012,0.5501
946,NN_tune_trainable_c0371_00525_525_seed=526_2021-07-02_18-27-14,0.913,0.8811,0.9111,0.8829
947,NN_tune_trainable_c0371_00933_933_seed=934_2021-07-03_14-43-24,0.904,0.837,0.9018,0.8379
948,NN_tune_trainable_c0371_00255_255_seed=256_2021-07-02_04-56-39,0.906,0.8923,0.906,0.8941
949,NN_tune_trainable_c0371_00461_461_seed=462_2021-07-02_15-17-00,0.912,0.8477,0.9092,0.8588
950,NN_tune_trainable_c0371_00142_142_seed=143_2021-07-01_23-31-50,0.915,0.8997,0.9158,0.8998
951,NN_tune_trainable_c0371_00702_702_seed=703_2021-07-03_03-15-00,0.904,0.8482,0.9051,0.8531
952,NN_tune_trainable_c0371_00779_779_seed=780_2021-07-03_07-08-09,0.914,0.2566,0.9123,0.2571
953,NN_tune_trainable_c0371_00324_324_seed=325_2021-07-02_08-24-44,0.922,0.286,0.9227,0.3056
954,NN_tune_trainable_c0371_00556_556_seed=557_2021-07-02_20-01-25,0.909,0.5043,0.9092,0.5203
955,NN_tune_trainable_c0371_00379_379_seed=380_2021-07-02_11-15-32,0.905,0.8663,0.9066,0.8706
956,NN_tune_trainable_c0371_00958_958_seed=959_2021-07-03_15-58-46,0.902,0.8817,0.901,0.8808
957,NN_tune_trainable_c0371_00996_996_seed=997_2021-07-03_17-54-04,0.917,0.5685,0.9168,0.575
958,NN_tune_trainable_c0371_00330_330_seed=331_2021-07-02_08-47-27,0.894,0.7781,0.8935,0.7902
959,NN_tune_trainable_c0371_00210_210_seed=211_2021-07-02_02-58-01,0.908,0.7674,0.9088,0.7689
960,NN_tune_trainable_c0371_00998_998_seed=999_2021-07-03_17-58-25,0.91,0.8576,0.9112,0.8604
961,NN_tune_trainable_c0371_00994_994_seed=995_2021-07-03_17-51-04,0.924,0.6056,0.9229,0.6178
962,NN_tune_trainable_c0371_00448_448_seed=449_2021-07-02_14-47-51,0.908,0.7558,0.9077,0.7521
963,NN_tune_trainable_c0371_00049_49_seed=50_2021-07-01_19-13-35,0.891,0.8682,0.8916,0.8624
964,NN_tune_trainable_c0371_00938_938_seed=939_2021-07-03_15-02-19,0.914,0.8887,0.9152,0.8844
965,NN_tune_trainable_c0371_00341_341_seed=342_2021-07-02_09-13-59,0.921,0.3263,0.921,0.3501
966,NN_tune_trainable_c0371_00422_422_seed=423_2021-07-02_13-17-21,0.898,0.8224,0.898,0.8224
967,NN_tune_trainable_c0371_00995_995_seed=996_2021-07-03_17-52-31,0.912,0.7769,0.9118,0.7782
968,NN_tune_trainable_c0371_00141_141_seed=142_2021-07-01_23-31-23,0.915,0.8602,0.9152,0.8634
969,NN_tune_trainable_c0371_00406_406_seed=407_2021-07-02_12-31-43,0.889,0.8671,0.8891,0.8697
970,NN_tune_trainable_c0371_00599_599_seed=600_2021-07-02_22-09-14,0.913,0.731,0.9127,0.757
971,NN_tune_trainable_c0371_00604_604_seed=605_2021-07-02_22-24-34,0.915,0.4966,0.9164,0.4952
972,NN_tune_trainable_c0371_00104_104_seed=105_2021-07-01_21-53-20,0.917,0.8564,0.9166,0.8614
973,NN_tune_trainable_c0371_00086_86_seed=87_2021-07-01_20-47-21,0.909,0.5583,0.9095,0.5602
974,NN_tune_trainable_c0371_00625_625_seed=626_2021-07-02_23-32-42,0.927,0.8306,0.9265,0.8375
975,NN_tune_trainable_c0371_00217_217_seed=218_2021-07-02_03-19-42,0.909,0.8962,0.9094,0.8977
976,NN_tune_trainable_c0371_00496_496_seed=497_2021-07-02_17-11-59,0.91,0.8799,0.9097,0.8849
977,NN_tune_trainable_c0371_00676_676_seed=677_2021-07-03_01-58-59,0.916,0.824,0.9172,0.8057
978,NN_tune_trainable_c0371_00064_64_seed=65_2021-07-01_19-58-05,0.921,0.8598,0.9212,0.8641
979,NN_tune_trainable_c0371_00763_763_seed=764_2021-07-03_06-21-31,0.917,0.7986,0.9169,0.8144
980,NN_tune_trainable_c0371_00215_215_seed=216_2021-07-02_03-02-07,0.913,0.4471,0.9121,0.445
981,NN_tune_trainable_c0371_00605_605_seed=606_2021-07-02_22-25-49,0.916,0.723,0.9171,0.7573
982,NN_tune_trainable_c0371_00219_219_seed=220_2021-07-02_03-21-16,0.916,0.1997,0.9152,0.1977
983,NN_tune_trainable_c0371_00311_311_seed=312_2021-07-02_07-39-24,0.9,0.7351,0.903,0.7494
984,NN_tune_trainable_c0371_00346_346_seed=347_2021-07-02_09-36-20,0.913,0.8243,0.9129,0.8365
985,NN_tune_trainable_c0371_00729_729_seed=730_2021-07-03_04-40-54,0.918,0.8482,0.917,0.8512
986,NN_tune_trainable_c0371_00940_940_seed=941_2021-07-03_15-07-47,0.913,0.8994,0.913,0.8916
987,NN_tune_trainable_c0371_00966_966_seed=967_2021-07-03_16-22-17,0.91,0.8864,0.9106,0.8892
988,NN_tune_trainable_c0371_00479_479_seed=480_2021-07-02_16-07-25,0.911,0.8993,0.9102,0.8985
989,NN_tune_trainable_c0371_00408_408_seed=409_2021-07-02_12-48-02,0.924,0.4997,0.9214,0.5219
990,NN_tune_trainable_c0371_00731_731_seed=732_2021-07-03_04-45-48,0.901,0.8844,0.9012,0.8799
991,NN_tune_trainable_c0371_00177_177_seed=178_2021-07-02_01-24-21,0.92,0.7386,0.918,0.7456
992,NN_tune_trainable_c0371_00738_738_seed=739_2021-07-03_05-09-31,0.897,0.7197,0.8972,0.7487
993,NN_tune_trainable_c0371_00617_617_seed=618_2021-07-02_23-08-34,0.908,0.7532,0.9078,0.7544
994,NN_tune_trainable_c0371_00506_506_seed=507_2021-07-02_17-37-30,0.911,0.4071,0.9124,0.3989
995,NN_tune_trainable_c0371_00229_229_seed=230_2021-07-02_03-45-41,0.899,0.8929,0.8966,0.8904
996,NN_tune_trainable_c0371_00432_432_seed=433_2021-07-02_13-59-16,0.901,0.6338,0.9011,0.6716
997,NN_tune_trainable_c0371_00941_941_seed=942_2021-07-03_15-08-22,0.909,0.3969,0.91,0.4481
998,NN_tune_trainable_c0371_00403_403_seed=404_2021-07-02_12-27-45,0.897,0.8927,0.8976,0.8898
999,NN_tune_trainable_c0371_00883_883_seed=884_2021-07-03_12-16-49,0.909,0.8014,0.9103,0.802
